"Wind_direction","Pressure","Humidity","Temperature"
"101","885.9","65.4","1.3"
"98.1","885.7","67.2","1.3"
"99.8","885.6","68.1","1.2"
"102.4","885.5","68.8","1.2"
"102.8","885.3","70.1","1.2"
"110.4","885.2","71.1","1.1"
"100.4","884.9","71.5","1"
"103.2","884.8","71.5","1"
"106.8","884.6","71.9","0.9"
"99.6","884.4","72.1","0.9"
"92.2","884.3","72.3","0.9"
"94.6","884.1","72.5","0.9"
"84.4","883.9","72.5","0.9"
"65.5","883.7","72.6","1"
"86.7","883.6","71.8","1.2"
"86.1","883.4","71.8","1.2"
"87.4","883.3","71.2","1.2"
"74.2","883.1","69.7","1.6"
"9","883","71.8","1.3"
"52.5","882.9","71.5","1.4"
"17","882.7","63.8","2.8"
"76.7","882.7","65.9","2.5"
"334.1","882.6","72.1","0.9"
"333.8","882.5","72.5","1"
"298.9","882.5","73.1","0.8"
"303.1","882.4","72.4","1.2"
"307.1","882.4","69.8","1.6"
"304.9","882.3","70.1","1.4"
"308","882.3","70.9","1.2"
"276.3","882.2","74.9","0.2"
"280.4","882.1","77","-0.1"
"290.6","882.1","75.9","0.2"
"290.5","881.9","75.2","0.3"
"305.7","881.9","75","0.4"
"300","882.1","76.3","0"
"297.9","882.2","75.4","0.1"
"298.2","882.2","74.7","0.4"
"304.1","882.7","74.8","0.6"
"304.4","883.5","73.3","1"
"304.1","884.2","73","1"
"302.8","885.2","71.4","1.3"
"293.4","886.8","70.5","1.6"
"276.1","888.6","71.9","1.4"
"279.3","892.6","70.1","1.9"
"287.2","902.4","66.8","2.8"
"294.2","902.6","62.1","4"
"299.2","894.9","60.8","4.3"
"302.3","906.7","60","4.4"
"292.4","910","57.8","5.1"
"287.1","898.4","55.8","5.7"
"302.1","895.4","56.2","5.5"
"303","894.4","56.2","5.2"
"305","895.5","55.1","5.5"
"301.8","900.2","53.7","5.8"
"300.2","913.8","51.5","6.4"
"300.6","925.1","50.5","6.8"
"297.7","924.5","49","7.2"
"301.9","929","49.1","7.3"
"298.2","916.3","47.8","7.7"
"302.1","915.2","46.9","8"
"302.5","915.5","46.9","8.1"
"293.9","915.4","46.8","8.2"
"296.9","915.2","46.7","8.3"
"295.7","915.5","47","8.2"
"304.3","914.9","47.3","8.2"
"298.8","929.7","47.8","7.9"
"291.2","902.2","47.7","7.6"
"292.8","898.9","48.9","7.5"
"296.7","896.8","49.3","7.2"
"297.8","892.9","50.4","6.8"
"299.9","891.5","52","6.1"
"299.4","890.9","51.3","6.2"
"303.3","890.5","51.1","6.1"
"299.4","890.2","51.7","6.1"
"298.6","889.9","52","5.9"
"302.7","889.7","53","5.5"
"304.2","889.4","52.1","5.7"
"301","889.2","51.3","5.9"
"304.4","889","50.9","6"
"302.8","888.9","51","5.8"
"303.2","888.6","50.7","5.6"
"300.9","888.5","50.9","5.6"
"307.6","888.3","50.4","5.7"
"303.5","888.2","49.9","6.3"
"303.4","888","50.1","6.5"
"304.9","887.9","49.9","6.6"
"300.9","887.8","49.9","6.6"
"301.7","887.6","51.4","6"
"300.5","887.5","51.2","6.1"
"298.7","887.4","52.1","5.8"
"300.1","887.2","52.5","5.6"
"299.5","886.9","52.3","5.6"
"296.8","886.8","52.4","5.7"
"287.7","886.6","54","5.1"
"287.8","886.4","54.6","4.9"
"285.4","886.3","53.9","5.1"
"284.4","886.1","53.5","5.1"
"275.5","885.9","54.3","4.8"
"285.1","885.6","54.8","4.8"
"287.9","885.4","54.6","4.8"
"290.8","885.3","55.4","4.5"
"279.3","885","55.2","4.6"
"289.7","884.8","55.7","4.4"
"286.9","884.6","56","4.3"
"293.9","884.4","56.3","4.2"
"291.8","884.2","55.9","4.5"
"293","884","56","4.5"
"292.2","883.8","55.9","4.5"
"292.5","883.7","55.8","4.6"
"284.3","883.5","55.6","4.9"
"289.7","883.3","55.9","4.8"
"284.1","883.2","55.8","4.9"
"281.7","883.2","57.3","4.5"
"293.6","883","57.3","4.5"
"296.3","882.8","58.3","4.4"
"303.5","882.8","58","4.8"
"304.9","882.6","59","4.2"
"299.1","882.5","58.2","4.6"
"297.4","882.4","58.6","4.4"
"298","882.5","57.8","4.7"
"299.8","882.3","57.7","4.7"
"300.9","882.3","58.5","4.5"
"304.1","882.2","59.7","4.1"
"305.1","882.1","59.5","4.1"
"301.1","882","60","4.1"
"303.4","882","61","3.8"
"304.2","882","57.7","4.9"
"298.4","881.9","58.5","4.6"
"296.2","881.9","60","4.2"
"293.2","883.1","60.2","4.2"
"299.6","885.8","60.1","4.2"
"301.9","889.5","58.9","4.7"
"297.9","893.6","59.1","4.7"
"294.8","896.7","57.6","5.1"
"297.5","899.4","57.5","5.2"
"293.5","902.1","60.2","4.5"
"296.5","904.8","59.2","5.2"
"294.1","910.5","57.6","5.8"
"296.5","930.5","56.8","5.9"
"286.7","930.2","56.6","6.2"
"284","928.8","56.4","6.4"
"287.9","929.5","55.7","6.9"
"289.5","927.2","54.2","7.2"
"285.9","928.3","51.5","8"
"287.6","927.9","51","8.3"
"303.3","928.1","49.7","8.7"
"297.1","917.3","50.5","8.7"
"293.6","914.1","48.7","9.2"
"292.7","913.9","48.2","9.3"
"299.1","913.7","46.8","9.5"
"297.7","913.1","45.6","9.6"
"289.9","913.3","43.6","10.2"
"279","913","42.4","10.5"
"282.3","913.8","42.4","11"
"285.8","913.1","41.4","10.9"
"285.2","913.2","42.3","11.3"
"276.4","913.1","42.7","10.9"
"277.9","912.8","42.9","11"
"276.1","912.3","42.1","11"
"280.6","912.1","42.4","10.7"
"271.4","913","43.3","10.6"
"276.2","913.6","43.8","10.4"
"280","913.3","43.5","10.5"
"283.4","913.5","43.6","10.3"
"276.5","913.3","44.6","9.8"
"277.2","909.2","45.5","9.2"
"284.7","895","47","8.5"
"280","892","49","7.9"
"292.2","891.4","48.8","8"
"298.7","891","50.2","7.5"
"308.7","890.6","51.5","7"
"313.6","890.3","51.1","7.2"
"309.5","890.1","50.8","7.2"
"311.4","889.8","49.8","7.4"
"305.7","889.7","50","7.3"
"319.1","889.5","48.9","7.8"
"311.5","889.3","48.7","7.9"
"308.5","889.1","48.9","7.7"
"305.2","889","49.7","7.3"
"289","888.9","48.9","7.5"
"302.4","888.7","48.9","7.4"
"307.5","888.6","50.1","7.1"
"298.7","888.5","51.4","6.6"
"290.9","888.3","50.4","6.8"
"278.8","888.2","53.9","6.1"
"290.3","888","57.3","5.3"
"293.4","888","58.3","4.7"
"291.5","887.8","56.9","4.8"
"293.1","887.6","55.7","4.9"
"289.9","887.5","54.5","5.2"
"296","887.3","54.7","4.9"
"294.9","887.2","55.4","4.7"
"294.7","887.1","54.9","5"
"288.4","886.9","54.6","5.1"
"288.9","886.8","59.1","4.1"
"282.2","886.7","59.7","4"
"282.7","886.6","58.5","4.3"
"293.5","886.4","58.1","4.4"
"290.3","886.4","57.5","4.5"
"294.3","886.2","56.8","4.7"
"297.6","886.1","56.3","4.9"
"294.6","886","56","5"
"303.5","885.8","59","4.2"
"302.5","885.8","60.5","3.8"
"305.6","885.6","60.1","4"
"296.3","885.5","60.4","3.7"
"296.3","885.3","59.1","4"
"294.8","885.3","60.2","3.9"
"301.5","885.1","64.7","2.8"
"300.8","885","65.6","2.8"
"301.7","884.8","65","3"
"300.5","884.6","63.4","3.3"
"301.3","884.5","62.5","3.6"
"294.5","884.3","62.3","3.4"
"293.3","884.2","63.3","3.2"
"297","884.1","63.5","3.1"
"296.5","883.9","63.8","3"
"289.9","883.8","63.7","3.1"
"292.7","883.6","63.7","3"
"293.5","883.5","62.2","3.3"
"297","883.4","64","2.9"
"293.6","883.2","64","2.9"
"295.2","883.1","64.4","2.7"
"297.1","882.8","66.3","2.3"
"293.6","882.8","67.2","2.1"
"293.4","883.2","64.4","2.6"
"292.3","884.4","60.5","3.3"
"292.5","886.9","62.7","2.8"
"285.5","890.1","61.9","3.2"
"293","894.8","61.9","3.3"
"290.6","898.8","62.2","3.3"
"291.4","900.8","59","3.8"
"286.3","904.7","59.7","3.9"
"280.9","907.7","59.8","4.1"
"289.7","922.7","57.2","4.8"
"288.4","931.4","53.8","5.5"
"285.8","930.5","52.2","5.9"
"288.5","916.7","50.5","6.2"
"288.2","916.9","50.5","6.3"
"288.3","916.2","49.3","6.7"
"286.9","916.1","49.2","6.8"
"290.4","915.6","49.3","6.9"
"283.3","915.9","48.9","7"
"283.3","915.8","48.9","7"
"286.7","916.5","47.3","7.2"
"284.3","916.3","47.2","7.4"
"292.1","916.3","46.3","7.7"
"292.5","915.2","45.3","7.9"
"287.1","915.6","44.8","8"
"295.5","915.2","43.4","8.5"
"297.5","915.9","41.4","8.9"
"290","913.9","40.6","8.9"
"293.8","915","39.3","9.5"
"281.3","913.8","39.1","9.1"
"288.2","914.4","39.8","8.8"
"291.7","914.7","39.4","8.9"
"295.1","914.6","39.5","8.8"
"291.6","914.1","40.1","8.7"
"288.7","926.2","40","8.5"
"293.1","909","40.4","8.4"
"289.6","896.4","41.1","8.2"
"291.3","893.6","42","8"
"297.1","892","42.2","7.7"
"295.6","891.2","41.8","7.6"
"296.6","890.9","41.4","7.5"
"304.5","890.7","41.8","7.2"
"299.5","890.5","41","7.2"
"304","890.2","40.5","7.3"
"309.5","890","43.3","7"
"306.1","889.8","43","6.9"
"307.7","889.7","40.7","7.1"
"310.9","889.5","42.5","6.9"
"303.2","889.3","41.3","6.9"
"301.8","889.1","39.8","7"
"305","889","41.4","6.8"
"306.8","888.8","42.4","6.7"
"303.3","888.7","41.1","6.8"
"311.1","888.6","41.3","6.9"
"304.3","888.5","41","6.8"
"303","888.3","40.1","7"
"302.4","888.3","40","7"
"307.6","888.1","40.4","6.9"
"307.8","888","39.6","7"
"300.5","887.9","41.3","6.8"
"299.6","887.8","41.4","6.8"
"306.9","887.6","42","6.8"
"302.1","887.5","42.6","6.7"
"304.3","887.4","42.4","6.7"
"306.1","887.2","44.4","6.3"
"306.1","887.1","43.8","6.4"
"297.3","886.9","44.1","6.4"
"289.4","886.8","46.4","6.3"
"286.5","886.6","48.4","6.1"
"290.7","886.4","47","6.2"
"288.5","886.3","46.1","6.3"
"293.4","886.1","47.5","6"
"303.2","885.9","46.9","5.9"
"310.5","885.7","45.9","5.9"
"310.5","885.5","45.8","5.7"
"303.5","885.3","47.3","5.4"
"306.3","885.1","48.1","5.4"
"308.7","884.9","47.6","5.5"
"313.6","884.8","50.3","5.2"
"307.5","884.5","48.8","5.4"
"300.6","884.4","49.1","5.3"
"309","884.2","51.5","5"
"310.9","883.9","51.9","4.9"
"313","883.8","58.5","3.9"
"323.2","883.6","59.2","4"
"317.7","883.5","56.3","4.5"
"312","883.3","57.8","3.9"
"306.2","883.1","53.8","5"
"322.2","883.1","60.1","3.6"
"302","883","58.7","3.9"
"315.6","882.8","60.6","3"
"310.7","882.7","58.6","3.4"
"315.6","882.6","57.4","3.6"
"309.5","882.5","57.3","3.7"
"302.5","882.4","56.3","4.1"
"257.4","882.4","61.9","2.7"
"249.7","882.2","57.8","3"
"234.6","882.4","50.2","4.1"
"160.4","883.1","56.4","3.5"
"133.6","883.2","58.9","3.3"
"132.4","883.5","65.3","3.2"
"99.5","886.5","63.9","2.6"
"109.7","887.5","69.4","1.9"
"97.2","886.5","72.4","1.4"
"90","886.5","72.9","1.3"
"93.3","887.9","75","1.4"
"92.3","888.7","79.2","1.4"
"95.2","890.1","81.8","1.5"
"90.4","890.6","82.2","1.7"
"93.3","893","83.1","1.8"
"90.4","894.5","82.9","1.9"
"90.5","897.2","82.6","2.3"
"88.7","895.6","83","2.6"
"102.3","896","83.3","2.6"
"96.2","896.3","83.8","2.6"
"100.7","897.9","83.3","2.7"
"111.9","900.1","81.3","3"
"110.6","894.7","82.6","2.7"
"106.8","894","83.1","2.7"
"101.4","893.8","81.7","2.7"
"106.4","894.4","82.8","2.5"
"109.5","895.6","83.6","2.3"
"99.4","894.1","84.7","2.1"
"101.7","894","85.9","2"
"102.5","891.9","87","1.8"
"104","890.8","88.5","1.6"
"89.3","890.2","90.2","1.4"
"95.7","889.4","91.8","1.2"
"100.7","889.2","96.1","0.3"
"103","888.5","99.2","-0.4"
"104.8","887.1","99.3","-1.1"
"105.4","886","99.3","-1.7"
"105.2","885","99.3","-2.1"
"103.7","884.1","99.3","-2.4"
"106.8","883.4","99.3","-2.5"
"105.1","882.8","99.4","-2.6"
"103.9","882.3","99.4","-2.6"
"101","881.9","99.4","-2.6"
"99.8","881.6","99.4","-2.7"
"101.7","881.2","99.4","-2.8"
"105.2","881.1","99.4","-2.8"
"106.5","880.9","99.4","-2.9"
"103.4","880.7","99.4","-3"
"109.6","880.6","99.4","-3"
"112.6","880.5","99.4","-3"
"107.6","880.4","99.4","-3"
"104","880.4","99.4","-3.1"
"97.5","880.3","99.4","-3.1"
"102.8","880.2","99.4","-3.1"
"96.3","880.2","99.4","-3.1"
"104.6","880.1","99.4","-3"
"102.1","880","99.4","-3"
"99.8","880","99.4","-2.9"
"104.2","880","99.4","-3"
"95.1","880","99.4","-3.1"
"102.6","879.9","99.4","-3.1"
"92.9","879.9","99.4","-3.1"
"91.1","879.8","99.4","-3.1"
"89.5","879.7","99.4","-3.2"
"88","879.7","99.4","-3.1"
"90.6","879.7","99.4","-3.2"
"92.2","879.6","99.4","-3.2"
"99.2","879.6","99.4","-3.3"
"93.8","879.5","99.4","-3.5"
"91.6","879.5","99.4","-3.6"
"90.1","879.5","99.4","-3.6"
"94.7","879.4","99.4","-3.6"
"90.5","879.3","99.4","-3.8"
"83.3","879.2","99.4","-3.8"
"83.2","879.2","99.4","-3.9"
"76.9","879.1","99.4","-4"
"70.1","879","99.4","-3.9"
"85","879","99.4","-3.9"
"83.3","878.9","99.4","-4"
"96.5","878.9","99.4","-4"
"109.2","878.9","99.4","-4"
"109.2","878.8","99.4","-4"
"109.2","878.8","99.4","-4"
"109.2","878.7","99.4","-4.1"
"109.2","878.6","99.4","-4"
"109.2","878.6","99.4","-4"
"109.2","878.6","99.4","-4"
"109.2","878.5","99.4","-4"
"109.2","878.5","99.4","-4"
"109.2","878.4","99.4","-4"
"109.2","878.4","99.4","-3.9"
"109.2","878.4","99.4","-3.9"
"109.2","878.4","99.4","-3.8"
"109.2","878.2","99.4","-3.8"
"109.2","878.2","99.4","-3.8"
"109.2","878.2","99.4","-3.8"
"109.2","878.2","99.4","-3.8"
"109.2","878.1","99.4","-3.8"
"109.2","878","99.4","-3.8"
"109.2","878","99.4","-3.8"
"109.2","877.9","99.4","-3.7"
"109.2","877.9","99.4","-3.7"
"109.2","878","99.4","-3.7"
"109.2","877.9","99.4","-3.6"
"109.2","878","99.4","-3.6"
"109.2","878","99.4","-3.6"
"109.2","878.1","99.4","-3.5"
"109.2","878.2","99.4","-3.5"
"109.2","878.1","99.4","-3.5"
"109.2","878.2","99.4","-3.4"
"109.2","878.1","99.4","-3.3"
"109.2","878.1","99.4","-3.3"
"109.2","878.1","99.4","-3.3"
"109.2","878","99.4","-3.3"
"109.2","878","99.4","-3.3"
"109.2","877.8","99.4","-3.4"
"109.2","877.8","99.4","-3.4"
"109.2","877.8","99.4","-3.3"
"109.2","877.8","99.4","-3.3"
"109.2","877.8","99.4","-3.2"
"109.2","877.8","99.4","-3.2"
"109.2","877.7","99.4","-3.2"
"109.2","877.7","99.4","-3.3"
"109.2","877.5","99.4","-3.3"
"109.2","877.5","99.4","-3.3"
"109.2","877.5","99.4","-3.3"
"109.2","877.4","99.4","-3.3"
"109.2","877.3","99.4","-3.4"
"109.2","877.2","99.4","-3.4"
"109.2","877.1","99.4","-3.5"
"109.2","877","99.4","-3.5"
"109.2","877","99.4","-3.5"
"109.2","876.9","99.4","-3.6"
"109.2","876.9","99.4","-3.7"
"109.2","876.7","99.4","-3.7"
"109.2","876.7","99.4","-3.8"
"109.2","876.7","99.4","-3.7"
"109.2","876.7","99.4","-3.8"
"109.2","876.7","99.4","-3.8"
"109.2","876.6","99.4","-3.8"
"109.2","876.6","99.4","-3.8"
"109.2","876.5","99.4","-3.8"
"109.2","876.5","99.4","-3.7"
"109.2","876.4","99.4","-3.7"
"109.2","876.4","99.4","-3.8"
"109.2","876.3","99.4","-3.7"
"109.2","876.3","99.4","-3.8"
"109.2","876.3","99.4","-3.8"
"109.2","876.2","99.4","-3.8"
"109.2","876.2","99.4","-3.7"
"109.2","876.2","99.4","-3.7"
"109.2","876.1","99.4","-3.7"
"109.2","876","99.4","-3.7"
"109.2","876","99.4","-3.7"
"109.2","876","99.4","-3.7"
"109.2","875.9","99.4","-3.6"
"109.2","875.9","99.4","-3.6"
"109.2","875.9","99.4","-3.5"
"109.2","875.8","99.4","-3.4"
"109.2","875.8","99.4","-3.4"
"109.2","875.8","99.4","-3.4"
"109.2","875.7","99.4","-3.3"
"109.2","875.7","99.4","-3.3"
"109.2","875.6","99.4","-3.2"
"109.2","875.6","99.4","-3.2"
"109.2","875.6","99.4","-3"
"109.2","875.6","99.4","-3.1"
"109.2","875.6","99.4","-3.1"
"109.2","875.5","99.4","-3.2"
"109.2","875.5","99.4","-3"
"109.2","875.4","99.4","-3"
"109.2","875.4","99.4","-3.2"
"109.2","875.4","99.4","-3.2"
"109.2","875.3","99.4","-3.4"
"109.2","875.2","99.4","-3.5"
"304.2","875.1","99.4","-3.4"
"298.6","875.1","99.4","-3.4"
"286.1","875.1","99.4","-3.3"
"284.4","875","99.4","-3.3"
"280.8","874.9","99.4","-3.3"
"290.8","874.9","99.4","-3.2"
"285.1","874.8","99.4","-2.9"
"276.4","874.8","99.4","-2.9"
"282.8","874.8","99.4","-2.9"
"289.7","874.7","99.4","-2.8"
"283.9","874.7","99.4","-2.7"
"287.9","874.7","99.4","-2.5"
"282","874.7","99.4","-2.4"
"278.5","874.7","99.4","-2.6"
"285.1","874.6","99.4","-2.5"
"293.7","874.5","99.4","-2.4"
"301","874.5","99.1","-2.2"
"294.7","874.5","98.2","-2.3"
"292.8","874.4","98.4","-2.5"
"281.9","874.5","97","-2.6"
"285","874.5","95.6","-2.6"
"274.5","874.7","96.3","-2.8"
"270.5","875.1","98.4","-2.9"
"275.4","875.6","99.1","-2.8"
"285.1","876.2","96.1","-2.4"
"286.6","876.8","89.2","-2"
"295.9","877.3","81","-1.3"
"298.6","886.5","73.6","-0.7"
"307.3","890.7","67.8","-0.4"
"300.5","894.2","68.1","-0.3"
"298.2","896","68.8","-0.2"
"302","896.7","66.9","0"
"300.2","899.2","66.8","0.1"
"299.4","900.1","66.3","0.3"
"300.1","901.5","62.7","1.3"
"293.1","903.3","58.9","1"
"291.5","903.9","59.3","1.1"
"287.7","905.2","57.5","1.1"
"298.2","907.3","55.6","1.2"
"290","907.8","54.9","1.6"
"297.5","910.2","54.1","1.6"
"289.3","914.4","54.1","1.7"
"286.8","916.4","54.2","1.6"
"286.8","922.2","54.5","1.7"
"288.3","932.1","53.6","2.1"
"288.8","918.7","54.1","2"
"296.6","918.9","53.4","2.3"
"283.6","918.6","52.6","2.7"
"294.1","918.8","52.4","2.9"
"301.3","918.7","53.2","2.7"
"292.7","918.1","53.5","2.6"
"293.1","908.8","54.8","2.3"
"293.7","903","60.4","2.1"
"290.2","900","60.8","2"
"290.1","896.2","63","1.7"
"296.7","894.2","58.3","1.6"
"294.5","892.3","55.9","1.3"
"292.3","891.2","55.2","1.2"
"295.7","890.8","67.2","0.8"
"292.6","890.5","70.3","0.6"
"299.2","890.2","68.6","0.2"
"298.9","889.9","66.9","0.1"
"294.2","889.6","66.7","0"
"301.2","889.3","69.9","-0.6"
"304.2","889.1","65.9","0.1"
"304.9","888.9","63","0.1"
"304.9","888.7","61.5","0.1"
"279.6","888.5","67.1","-0.4"
"299","888.3","65.7","-0.5"
"303","888.2","64.8","-0.3"
"299.6","888","64.1","-0.5"
"315.2","887.8","65.4","-0.7"
"312.4","887.7","65.1","-0.6"
"310.2","887.5","65.1","-0.6"
"308.2","887.4","65.9","-0.7"
"305","887.2","64.4","-0.6"
"296.5","887","64.7","-0.7"
"292.2","886.9","65.1","-1"
"296.1","886.7","65.7","-1.1"
"277.4","886.6","66.3","-1.1"
"261.4","886.5","68.8","-1.6"
"293.2","886.3","62.9","-0.7"
"298.9","886.2","63.8","-1"
"313","886.1","60.9","-0.7"
"303.8","886","61","-0.8"
"301.4","885.9","63.4","-1.2"
"297.4","885.8","62.8","-1.1"
"274","885.6","64.3","-1.3"
"283.5","885.5","63.3","-1.5"
"289.3","885.4","61","-1.3"
"306.9","885.3","61.8","-1.6"
"311.8","885.2","62.9","-1.7"
"297.5","885.1","63.3","-1.8"
"263.7","885","64.3","-1.9"
"276.6","884.8","65.6","-2.2"
"281.1","884.8","64.5","-2.2"
"283.5","884.6","63.5","-2.2"
"285","884.5","63.4","-2.3"
"282.8","884.4","61.9","-2.3"
"271.5","884.3","62.4","-2.4"
"290.2","884.1","61.3","-2.2"
"277.7","884.1","61.7","-2.3"
"279.4","884","59.8","-2.1"
"277.2","883.8","60.5","-2.2"
"285.8","883.8","61.8","-2.5"
"289.5","883.7","56.8","-2.2"
"300.1","883.6","56.7","-2.6"
"294.2","883.4","56.4","-2.6"
"300.2","883.3","55.5","-2.6"
"300.6","883.3","54","-2.7"
"301.7","883.2","54.6","-2.9"
"306.8","883.1","55.3","-2.9"
"307.5","882.9","57.3","-3.3"
"304.3","882.8","57.4","-3.3"
"304.1","882.6","56.5","-3.3"
"308.5","882.6","55.7","-3.3"
"308.6","883.1","54.4","-3.2"
"305.6","885.5","53.8","-3.1"
"292.3","885.7","54.4","-3"
"289.6","885.2","52.6","-2.7"
"289.7","886.4","50.6","-2.4"
"293.2","887.3","46.5","-1.9"
"295.7","887.7","41.7","-1.6"
"292.9","887.7","39.5","-1.7"
"298.9","888.8","38","-1.5"
"283.3","892.1","36.9","-1.5"
"282.6","899.6","36.7","-1.2"
"291.2","907.5","36.3","-0.8"
"284","902.5","36.7","-0.3"
"290.4","900.7","36.6","-0.3"
"279.4","905.8","37.4","-0.4"
"280.6","912.1","37.5","0.2"
"283.2","910.7","37.9","0.4"
"273.1","934.9","38.4","0.4"
"290.2","934.4","38.3","0.5"
"292.3","919.4","38.6","0.6"
"293.5","919.4","39.4","0.8"
"281.4","919.9","39.7","0.8"
"296","919.1","39","1.1"
"295.2","923.6","39.9","1"
"298.4","917.8","40.7","0.8"
"287.5","917.2","39.5","0.9"
"287.5","933.7","39.3","1"
"295","932.8","38.4","1.6"
"285.3","931.3","38.8","1.6"
"300.3","932.7","39.5","1.6"
"302.4","932.6","39.7","1.4"
"294.4","932.7","39.5","1.3"
"298.5","933.4","38.6","1.2"
"296.3","907","38.3","1.2"
"296.5","899.9","39.1","1"
"282.3","895","39.7","0.8"
"295.2","892.2","39.5","0.3"
"286.6","890.8","39.3","0.2"
"291.4","890.3","40.5","0"
"289.4","889.9","41.8","-0.3"
"292.4","889.6","43.3","-0.4"
"295.4","889.2","45.1","-0.5"
"285.2","888.9","47.1","-0.5"
"293.3","888.7","47.4","-0.5"
"295.6","888.4","49.3","-0.7"
"289.1","888.2","53.2","-1.6"
"272.5","887.9","55.5","-1.3"
"259.5","887.7","55.8","-1.2"
"265.4","887.4","58.1","-1.3"
"268.3","887.3","57.8","-1.1"
"268.5","887.1","57.2","-1.1"
"270.4","886.9","56.3","-1.1"
"262","886.7","56.3","-1.3"
"257","886.6","56","-1.5"
"260.7","886.4","53.6","-1.5"
"270.3","886.3","47.5","-1"
"280.7","886.2","45.1","-0.8"
"285.8","886","44.9","-0.9"
"289.6","885.9","45.2","-0.9"
"289","885.8","45.8","-1.1"
"293.8","885.6","45.8","-1.2"
"275.4","885.5","46.5","-1.2"
"271.2","885.4","44.7","-1.1"
"276.4","885.2","43.1","-1"
"275.6","885.1","42.2","-1"
"277.6","885","43.3","-1.2"
"279.5","884.8","42.9","-1.3"
"286","884.7","43","-1.5"
"284.3","884.5","41.5","-1.4"
"286.4","884.4","41","-1.4"
"293.1","884.3","41.2","-1.7"
"291","884.1","40.4","-1.5"
"294.9","884","41.8","-1.8"
"269.9","883.9","45.7","-2.3"
"276.6","883.8","46.3","-2.4"
"279.5","883.6","47","-2.6"
"288.8","883.4","48.2","-2.8"
"293.4","883.3","48.6","-3"
"292.2","883.2","45.6","-2.7"
"294.2","883","45.3","-2.9"
"298.5","882.9","44.8","-2.8"
"300.9","882.7","44.9","-2.9"
"303.2","882.6","45.8","-3"
"300.9","882.5","46.3","-3.2"
"293.5","882.3","47.6","-3.5"
"286.8","882.2","50.7","-4.3"
"296.5","882.1","48.9","-4"
"300.4","882","47.5","-3.7"
"293.9","881.9","46.8","-3.8"
"300.6","881.8","47.2","-3.8"
"303.4","881.7","47.9","-4"
"295.4","881.7","47.4","-3.9"
"296.5","881.5","50","-4.5"
"296.4","881.4","50.4","-4.6"
"292.4","881.3","48.1","-4.2"
"293.6","881.6","46.9","-4"
"300.4","882.3","46.7","-4"
"301.1","884.3","44.2","-3.5"
"299.8","887.5","46.2","-3.9"
"305","890.7","45.4","-3.6"
"300.1","894.1","45.2","-3.4"
"301.1","897.1","44.8","-3"
"298","900.4","44.3","-2.7"
"298.6","903.4","44.5","-2.5"
"299.4","908.2","43.5","-2.2"
"296.5","920.5","44.3","-2"
"301.6","935.9","43.4","-1.6"
"298.9","921.5","42.2","-1.2"
"300.8","921.6","39.4","-0.6"
"299.3","920.9","38","-0.3"
"293.9","921.4","37.1","0.2"
"298.3","920.2","36.7","0.9"
"299","919.9","35.9","1"
"290.2","918.7","36.1","1"
"298.6","918.6","35.8","1.5"
"293.3","917.2","35.7","1.3"
"296","919.4","35.7","1.4"
"297.9","918.8","35.7","1.8"
"304.1","919.1","35","2.4"
"295.5","919.8","34.7","2.6"
"280","920.3","35.1","2.5"
"294.4","918.3","35.6","2.6"
"297.8","918.2","35.2","3"
"284.7","919","35.6","2.9"
"293.1","918.3","34.6","3.5"
"296.8","917.9","35","3.2"
"292.6","919.6","35.2","2.9"
"294.7","919.4","35.4","3"
"281","920.1","35.5","2.9"
"294.7","907.8","36.4","2.5"
"289.3","899.5","36.5","2.1"
"302","894.3","37.3","1.9"
"297.7","891.9","37.8","1.5"
"296.7","890.8","38.2","1.1"
"298.8","890.3","38.3","1"
"296.9","890","38","1"
"294.5","889.7","39.5","0.4"
"283.8","889.4","38.9","0.6"
"292","889.2","39.4","0.6"
"286.3","888.9","39.5","0.6"
"294.8","888.7","40.6","0.6"
"303.5","888.5","40.8","0.6"
"305.7","888.2","40.6","0.7"
"294.1","888.1","40.5","0.5"
"84.4","887.9","42.1","-0.1"
"78.2","887.7","44.2","-0.4"
"83","887.5","44.8","-0.3"
"68.7","887.3","44.9","-0.2"
"79.6","887.1","43.6","-0.2"
"80.8","887","43.7","-0.3"
"87","886.8","44.3","-0.5"
"86.2","886.7","46.4","-1"
"81.1","886.6","47.8","-1.3"
"83.6","886.3","50.5","-1.7"
"84.2","886.1","54","-2"
"94.7","886","58.8","-2.8"
"88","885.7","62.3","-3"
"85.4","885.5","56.9","-2.7"
"91.1","885.3","58.9","-3.1"
"85.7","885.1","58.1","-3.2"
"93.9","884.9","58","-3.3"
"102.6","884.8","57.4","-3.3"
"114","884.6","58.1","-3.1"
"118.7","884.4","56.5","-3.1"
"106.2","884.3","57.4","-3.4"
"103","884.1","58.4","-3.5"
"111.5","884","59.7","-3.4"
"120.4","883.8","61","-3.7"
"94.1","883.7","59.5","-3.4"
"95.8","883.4","59.8","-3.5"
"92.2","883.3","57.8","-3.5"
"100","883.2","55","-3.4"
"104.4","883","54.2","-3.5"
"104.1","882.9","53.5","-3.6"
"97.5","882.8","57.5","-3.6"
"350.4","882.6","61.1","-3"
"350.4","882.4","63.5","-3.3"
"350.8","882.3","62","-4.2"
"74.2","882.2","59.4","-3.6"
"73.3","882","62.2","-3.4"
"354.4","881.9","65.2","-3.2"
"348.3","881.8","67.1","-3"
"347.2","881.7","61.5","-2.4"
"265","881.7","60.9","-2.3"
"286.9","881.6","59.5","-2"
"301.2","881.5","56.9","-2.1"
"288.2","881.5","56.7","-2.2"
"306.2","881.5","57.3","-2.2"
"311.7","881.5","58.5","-2.3"
"311","881.4","60.7","-2.6"
"306.5","881.3","61.6","-3.1"
"304.3","881.6","60.9","-3"
"308.4","882.4","60.2","-3"
"301.4","884.2","59.1","-3"
"293.4","887.2","62.2","-3"
"284.5","890.7","60.2","-2.9"
"269.1","894.7","55.7","-2.3"
"268.8","898","55.3","-2.1"
"289.2","901.5","55.2","-2"
"306.3","904.7","53.7","-1.5"
"307.7","908.6","51.9","-1"
"302.7","919.3","51.8","-0.9"
"299.3","900.4","52.2","-0.7"
"304.1","894.4","52.8","-0.7"
"289.6","893.2","53.3","-0.5"
"281","893.1","54.9","-0.6"
"292.8","893.8","54.6","-0.4"
"290.4","896.1","53.4","0"
"283","898.1","53","0"
"291.8","914.7","52.5","0.5"
"289.2","918.5","50.1","0.8"
"285.5","931.7","49.2","0.9"
"293.8","932.6","46.8","1.6"
"291.2","928.3","45.6","1.7"
"293.3","929.5","45.7","1.7"
"299.9","918.8","45.3","2"
"274","905.9","45.2","2.3"
"274.4","915","45.2","2.5"
"295.2","912.7","45.2","2.2"
"294.5","898.3","46.2","2"
"292.3","896.3","46.1","2"
"298.3","896.3","46","2.2"
"292.4","895.9","46.5","2.2"
"281.1","896.3","46.8","2.5"
"270.3","916.9","48.3","2.5"
"275.7","901.9","48.1","2.5"
"279.3","897.4","48","2.4"
"293.1","893.6","50.3","2.1"
"295.8","891","50.6","1.6"
"289.9","889.9","51.3","1.2"
"291.5","889.5","51","1.1"
"312.2","889.2","51.6","1.1"
"308.4","889","50.9","0.9"
"293.8","888.7","51.6","0.6"
"308.3","888.5","52.5","0.3"
"293.7","888.2","53.5","0.2"
"284.7","888","53.6","0"
"286.5","887.7","54.5","-0.5"
"283.2","887.5","54.1","-0.4"
"284.5","887.3","55.1","-0.7"
"290.5","887","54.8","-0.8"
"296","886.8","54.6","-0.7"
"283.1","886.6","53.2","-0.5"
"294.6","886.4","53","-0.5"
"291.9","886.2","54.2","-0.8"
"285.4","886","55.5","-1.1"
"282.2","885.8","56.8","-1.4"
"275.2","885.6","55.9","-1.1"
"290.3","885.4","54.9","-0.9"
"300.8","885.2","55.2","-0.9"
"301.8","885","56.7","-1.4"
"302.3","884.8","56","-1.1"
"296.7","884.6","56.7","-1.3"
"297.3","884.4","57","-1.1"
"292.1","884.3","55","-0.6"
"290","884.1","56","-0.8"
"296.2","883.8","56.7","-0.9"
"291","883.7","56.9","-0.8"
"281.7","883.4","56.8","-0.8"
"279.3","883.3","58.3","-1.1"
"281.5","883.2","60.1","-1.5"
"290.6","882.9","58.9","-1.3"
"288.7","882.8","60.1","-1.2"
"291.7","882.6","59","-1"
"291.3","882.5","59.3","-1.1"
"289.3","882.4","59.3","-1.2"
"294.2","882.3","58.1","-1.1"
"288.8","882.2","57.2","-1.2"
"288.4","882.1","55.3","-0.9"
"287.4","882.1","54.6","-0.9"
"283.2","882","55","-1.1"
"287.3","881.9","53.3","-0.8"
"294","881.9","54.2","-0.9"
"294.9","881.8","55.5","-1"
"302.3","881.8","57","-1"
"289.3","881.7","59.2","-1.1"
"299.8","881.7","62.8","-1.6"
"293.5","881.6","62.2","-1.5"
"294.4","881.5","62.5","-1.6"
"298.3","881.5","62.8","-1.6"
"294.7","881.4","63.3","-1.7"
"289.8","881.4","62.7","-1.6"
"294.2","881.3","63.1","-1.8"
"295.7","881.2","63.5","-1.8"
"298.2","881.2","64.4","-1.9"
"299.5","881.1","65.4","-2"
"298.7","881","66.2","-2"
"296.7","881","66.9","-2"
"293.4","881.2","67.7","-1.7"
"288.8","881.6","66.6","-1.6"
"293.2","882.4","66.1","-1.5"
"292.4","886.1","65.7","-1.4"
"271.2","890.5","63.9","-1"
"277.7","893.3","63.6","-0.9"
"279.4","895","63","-0.5"
"278.6","897.6","61.9","-0.2"
"276.8","898.8","61.7","0"
"273.4","901.8","60.9","0.5"
"270.9","903","59.4","0.8"
"274.8","905.7","59.5","1"
"284.6","911.2","59.2","1.2"
"286.7","917.1","58.1","1.7"
"275.3","932","58.1","1.9"
"291.7","912.6","58.1","2.1"
"287.8","932.9","58.1","2.4"
"280.3","921.2","58.6","2.3"
"278.1","903.6","57.8","2.5"
"277.9","932.8","58.2","2.4"
"291.1","929.8","56.6","2.8"
"286.2","915.5","56.5","2.6"
"290.5","932.6","55.7","2.6"
"287.4","912.5","55.6","2.5"
"294.3","906","53.9","2.8"
"285.7","901.7","53.4","2.8"
"293.4","902.7","53.1","3"
"292.9","898.9","54.3","2.7"
"294.6","897.1","55","2.6"
"286.7","895.1","54.8","2.5"
"285.3","895.6","54","2.6"
"291","894.4","53.6","2.6"
"286.2","892.6","54.3","2.5"
"288.5","891.7","54.6","2.3"
"292.7","890.9","54.8","2.2"
"291.5","890.2","54.8","2.1"
"293.1","889.7","55.5","1.8"
"294.2","889.1","55.9","1.7"
"300.4","888.9","56.6","1.6"
"296.3","888.7","57.1","1.5"
"294.2","888.5","57.2","1.4"
"301.5","888.3","58.2","1.1"
"298.8","888.1","57.8","1.2"
"300.3","887.9","57.2","1.3"
"303.5","887.7","57.4","1.4"
"305.8","887.6","60","1"
"304.7","887.4","65.4","0.9"
"303.1","887.2","66.5","0.8"
"300.9","887.1","65.8","0.8"
"296","886.9","65.2","0.8"
"285","886.7","64.1","1.1"
"286.5","886.6","64.3","1.1"
"288.1","886.4","65.7","0.8"
"289.7","886.3","66.7","0.7"
"294.5","886","67.2","0.7"
"295.8","885.9","68.1","0.4"
"293.1","885.8","67.5","0.5"
"297.6","885.5","68","0.3"
"295","885.4","67.8","0.6"
"299.4","885.2","68.7","0.5"
"303.2","885","69.9","0.2"
"286","884.8","70","0.2"
"267.4","884.6","70","0.1"
"39.9","884.4","74.2","-1"
"89","884.1","90.6","-3.5"
"92.5","883.8","93.8","-3.9"
"99.2","883.4","94.9","-4.1"
"92.1","883","94.2","-4.2"
"98.7","882.7","94.5","-4.3"
"93.8","882.4","93","-4.3"
"96.8","882.2","92.7","-4.5"
"105.4","881.9","92.6","-4.6"
"96.6","881.7","93.9","-4.7"
"94","881.4","94.1","-4.8"
"102.4","881.2","94.5","-4.9"
"106.6","881","95.1","-5"
"105","880.9","95.7","-5.1"
"108.4","880.7","95.7","-5.2"
"103.2","880.5","93.2","-5.3"
"102.9","880.4","93.4","-5.4"
"96.9","880.2","94","-5.6"
"95.2","880.1","93.4","-5.5"
"97.9","880.1","93.1","-5.5"
"95.8","880","93.2","-5.6"
"80.5","879.9","93.4","-5.6"
"79.8","879.8","92.5","-5.5"
"78.9","879.8","91.8","-5.4"
"79.8","879.7","91.2","-5.4"
"74.7","879.7","90.9","-5.4"
"82.6","879.6","90.8","-5.5"
"81","879.6","91.3","-5.5"
"82.5","879.6","91.2","-5.5"
"86.5","879.5","90.2","-5.4"
"86.3","879.4","89","-5.4"
"89","879.3","88.6","-5.4"
"98.8","879.3","88.5","-5.4"
"98.5","879.4","89","-5.4"
"95.5","879.5","88.7","-5.3"
"91.7","879.7","89","-5.3"
"98","880.3","90","-5.2"
"95.9","881.1","90.2","-5"
"97.3","881.4","91.3","-5.1"
"95.3","881.3","91","-5"
"97.2","881.6","90.4","-4.9"
"98.3","882.1","90.6","-4.9"
"93.9","882.8","89.8","-4.8"
"95.7","882.9","88.8","-4.6"
"101.8","882.9","86","-4.8"
"105.7","884.4","83.4","-4.7"
"96.3","884.1","81.9","-4.6"
"95.4","883.2","78.6","-4.5"
"93.4","883","73.7","-4.4"
"105.3","884.1","72.8","-4.5"
"110.7","886.8","74.6","-4.5"
"103.6","890","76.1","-4"
"100.8","893","73.9","-4.4"
"105.1","893.6","74.7","-4.5"
"104.8","893.1","74.6","-4.4"
"103.2","892.3","74.7","-4.3"
"96.9","891","76.1","-4.6"
"93.7","891.7","76.7","-4.6"
"91","893.2","79.4","-4.5"
"100.9","891.9","78.1","-4.5"
"97","891","76.7","-4.6"
"104.9","890.5","78.2","-4.7"
"92.4","889.8","79.7","-4.9"
"100.3","887.3","81.8","-5"
"105.3","886.5","83.3","-5.2"
"104.6","885.4","87.3","-5.4"
"100.9","884.4","90.2","-5.7"
"101.2","882.9","92.7","-5.9"
"107.6","881.8","94.7","-6"
"106.4","880.9","96.5","-6.1"
"111.6","880.2","98","-6.2"
"110.5","879.9","99.3","-6.2"
"106","879.5","99.4","-6.3"
"102.7","879.2","99.4","-6.4"
"97.7","879","99.4","-6.5"
"96","878.9","99.4","-6.7"
"100.1","878.8","99.3","-6.8"
"91.1","878.7","99.4","-6.7"
"96.9","878.7","99.3","-6.7"
"88.9","878.6","99.3","-6.7"
"102.5","878.5","99.3","-6.8"
"103.1","878.4","99.4","-6.9"
"98.3","878.4","99.3","-6.9"
"87.1","878.3","99.4","-7"
"88","878.3","99.3","-7.1"
"94.5","878.2","99.3","-7.2"
"92.3","878.1","99.3","-7.3"
"90.2","878","99.4","-7.3"
"89.2","878","99.3","-7.3"
"82.1","878","99.3","-7.4"
"93.7","877.9","99.3","-7.3"
"87.4","877.8","99.4","-7.2"
"90.1","877.7","97.7","-7.1"
"90.7","877.7","96.5","-7"
"99","877.7","95.2","-6.9"
"100","877.6","92.9","-6.9"
"95.9","877.6","90.9","-6.9"
"101","877.5","90","-7"
"100.2","877.5","89.2","-7.1"
"99.6","877.5","89.8","-7.2"
"92.8","877.3","87.9","-7.2"
"95.3","877.3","88.3","-7.2"
"94.5","877.2","88.3","-7.1"
"83.5","877.2","90.3","-7.2"
"82.3","877.1","90.2","-7.2"
"81.5","877","87.7","-7.2"
"85","877","86.6","-7.2"
"83.4","876.9","86.5","-7.3"
"78","876.9","85","-7.3"
"90.1","876.9","84.2","-7.4"
"97.6","876.8","84.4","-7.3"
"90.2","876.7","84.9","-7.4"
"95.9","876.6","84.4","-7.3"
"97.8","876.6","81.8","-7.3"
"104.2","876.5","82.6","-7.3"
"104.7","876.5","83.6","-7.3"
"117.9","876.4","84.4","-7.3"
"116.5","876.4","84","-7.3"
"116.5","876.3","85.6","-7.2"
"106.8","876.2","84.9","-7.3"
"113.5","876.2","82.1","-7.4"
"87.1","876.1","81.7","-7.4"
"112.8","876","81.7","-7.4"
"111.4","876","81.9","-7.5"
"114.4","875.9","82","-7.4"
"116.1","875.8","82.4","-7.5"
"115.5","875.8","82.8","-7.5"
"115.2","875.8","83.4","-7.5"
"128.7","875.6","84.5","-7.5"
"115","875.6","87.5","-7.5"
"129.3","875.7","88.6","-7.5"
"124.2","876.1","89.4","-7.5"
"133.5","876.1","89.1","-7.6"
"138.4","876.9","90","-7.4"
"137.8","877.7","90.3","-7.3"
"80.6","879.8","90.1","-7"
"101.5","880.7","89.7","-6.8"
"275.9","885.1","86.7","-5.7"
"227.6","889","82.4","-4.6"
"263.8","891.3","78.6","-4.5"
"272.5","893.4","82.2","-5.2"
"263.4","895.9","83.2","-4.9"
"259","897.1","82.1","-4.3"
"284.6","896.6","83.8","-4.9"
"274.4","895.8","84.7","-4.4"
"294.8","894.5","85.1","-4.5"
"302.6","895.5","85.6","-4.2"
"293.3","894.1","85.3","-4"
"306.1","894.7","83.9","-4"
"300.7","899.2","78.5","-3"
"301.6","892.4","76.3","-3.1"
"292.5","893.4","71.4","-2.8"
"288.6","894.1","69","-2.8"
"283.8","895","68.7","-2.7"
"292.5","899.3","68.2","-2.1"
"293.6","903.3","66.4","-1.7"
"296.8","903.7","62","-1.8"
"295.6","901.5","62.4","-1.8"
"289.7","900.4","64.6","-2"
"289.8","899.7","66.6","-2.1"
"296.2","898.3","67.4","-2.2"
"296.2","896.4","68.7","-2.3"
"298.8","894.8","69.9","-2.4"
"301.5","892.5","71","-2.7"
"296","890.4","73.4","-2.9"
"296.5","888.7","74.2","-3.1"
"288.5","887.7","76.6","-3.4"
"301.5","887","80","-3.6"
"297.3","886.6","82.4","-3.9"
"299","886.3","83.3","-4"
"297.1","885.9","84.3","-4.2"
"293.8","885.6","82.1","-3.9"
"288.2","885.4","80.6","-3.8"
"297.5","885.1","82.8","-4.1"
"295.8","884.8","86.8","-4.4"
"299.4","884.6","90.1","-4.6"
"299.7","884.4","91.6","-4.7"
"311.4","884.2","94.7","-5.2"
"305.2","883.9","97.1","-5.1"
"305.7","883.6","98.8","-5.1"
"302.4","883.4","99.4","-5.1"
"302.8","883.2","99.4","-5.1"
"305.9","883","99.4","-4.8"
"297.6","882.7","99.3","-4.6"
"297.4","882.5","97.9","-4.6"
"294.2","882.3","99.4","-5"
"295.3","882.1","99.4","-4.7"
"299.2","881.9","99.4","-4.8"
"307.6","881.7","99.4","-4.8"
"302.7","881.5","99","-4.6"
"300.8","881.2","98.2","-4.2"
"292.6","881.1","96.9","-4"
"288.5","880.9","96.9","-4.1"
"294.5","880.6","97.2","-4.2"
"287.4","880.3","97.7","-4.3"
"293.2","880","97.8","-4.5"
"297","879.8","95.4","-4.7"
"286.1","879.5","89.3","-4.6"
"297.8","879.2","83.2","-4.7"
"299.2","879","63.1","-4.6"
"289.3","878.7","63.5","-4.8"
"302.3","878.4","53.1","-4.7"
"297.7","878.1","51.5","-4.8"
"295.7","877.9","46.5","-5"
"296.8","877.6","45.8","-4.9"
"290.1","877.4","43.2","-5"
"294","877.1","38.9","-5"
"291","877","37.6","-5.1"
"291.7","876.8","37.9","-5.2"
"289.5","876.6","37.7","-5.1"
"294.4","876.4","37.7","-5"
"298.5","876.3","37.4","-5.4"
"290.4","876.2","36.1","-5.3"
"293.9","876.1","36.1","-5.4"
"293.3","876","35.9","-5.5"
"289.7","875.9","34.7","-5.3"
"298.2","875.9","35.7","-5.4"
"297.7","875.7","35.1","-5.1"
"293.5","875.7","35.6","-5.2"
"299.6","875.7","38.4","-5.5"
"295.1","875.6","47.2","-5.4"
"295.2","875.6","50.8","-5.9"
"296.9","875.4","62.4","-6.1"
"296.1","875.4","72.9","-6.2"
"293.7","876.4","72.2","-5.8"
"294.3","879","70.5","-5.9"
"295.6","881.8","64.1","-5.8"
"298.6","888","47","-5.5"
"291.8","891.9","41.1","-5.3"
"297.1","895.1","37.7","-5"
"291","898","35.2","-4.7"
"291.5","900.2","32.3","-4.4"
"291.4","902.3","34.1","-4.3"
"296.4","904.2","43.9","-4.1"
"290.3","906.7","50.9","-4.2"
"298.4","913.3","50.2","-3.9"
"298.7","933.4","42.8","-3.8"
"294.4","937.1","36.1","-3.4"
"304.4","937.2","35","-3.2"
"298.5","936.4","34.7","-2.9"
"301.6","936.4","37.2","-2.9"
"294.4","935.2","37.8","-2.6"
"297.7","934.9","37.8","-2.2"
"297.6","935.5","37.9","-1.8"
"288.8","935.1","36.5","-1.9"
"289.5","935.2","36.7","-1.6"
"294.1","936","35.5","-1.4"
"294","934.3","34.9","-1.4"
"289.8","935.6","36.7","-1.1"
"297.9","935","38.3","-1.3"
"298.3","921.3","38.7","-1.3"
"303.2","922","38.8","-1.2"
"300","921.3","37","-0.8"
"287.1","921.4","34.9","-0.9"
"300","920.9","34.6","-0.5"
"296.2","920.8","33.5","-0.6"
"295.6","921.7","32.2","-0.7"
"293.1","920.6","31.5","-0.6"
"298.7","921.6","30.3","-0.8"
"296.3","921.6","30.2","-0.8"
"290.9","908.5","32.8","-1"
"296.4","896.7","31.2","-1.3"
"299.8","891.9","32.1","-1.8"
"297.6","890.6","38.2","-2.1"
"293.9","890.1","39.3","-2.3"
"296.3","889.6","37.9","-2.4"
"298.6","889.3","36.8","-2.5"
"300.9","889","37.8","-2.6"
"296.7","888.7","39.3","-2.8"
"301","888.4","33.7","-2.5"
"299.1","888.2","35","-2.7"
"295.7","888","36.2","-2.7"
"303","887.8","38.2","-3"
"299.7","887.6","40.7","-3.3"
"298.9","887.4","41.3","-3.2"
"302.4","887.1","41.6","-3.2"
"298.5","887","41.2","-3.1"
"302.1","886.9","40.3","-3"
"305.4","886.7","39.7","-2.7"
"303","886.6","40.1","-2.8"
"307.6","886.5","41.4","-3.1"
"300","886.3","43.3","-3.2"
"295.8","886.2","45","-3.3"
"297.9","886","46","-3.3"
"299.4","885.9","47.8","-3.3"
"300.5","885.8","49.7","-3.2"
"295.1","885.6","52.1","-3.4"
"298.7","885.5","51.2","-3.4"
"295.8","885.5","51.7","-3.6"
"293.7","885.3","51.9","-3.8"
"294.7","885.2","52.5","-3.8"
"298","885","53.2","-3.4"
"295.3","884.9","55.9","-3.4"
"286.1","884.8","61.1","-4.5"
"295.8","884.7","60.7","-4.1"
"294.6","884.5","61.4","-4.2"
"292.9","884.4","61","-3.7"
"294.8","884.4","60.4","-3.7"
"288.8","884.3","61.7","-4"
"293.4","884.1","60.7","-3.9"
"291.3","884.1","57.6","-3.4"
"291.4","884","58","-3.6"
"286.4","883.9","57.2","-3.4"
"287.1","883.8","59.8","-3.6"
"283.8","883.8","65.1","-4.1"
"288","883.6","67","-4.2"
"290.3","883.5","67.9","-4.1"
"294","883.3","66.8","-4"
"289.1","883.3","65.1","-3.8"
"298.8","883.3","67.5","-4.2"
"297","883.1","68.5","-4.6"
"301.1","883","63","-4.4"
"296.8","882.9","55.1","-4.2"
"299.1","882.8","50.4","-4.5"
"300.2","882.7","44","-4.6"
"289.4","882.6","38.5","-4.4"
"288.3","882.5","41.2","-5"
"289.6","882.4","42.8","-5.1"
"299","882.3","43.2","-5.8"
"293.8","882","41.2","-5.5"
"298.8","882","41.1","-5.9"
"297.8","882","39.7","-5.6"
"296.7","882.2","41.7","-5.5"
"293.6","882.3","47.9","-5.4"
"283","888.2","55","-5.3"
"287.8","895.8","47.2","-4.9"
"289.3","900.9","41.5","-4.4"
"289.8","905.4","34.5","-3.9"
"292.8","911.5","34.4","-3.4"
"294","934.3","37.6","-3.2"
"293.5","937.3","39.6","-2.8"
"291.1","936.4","43.5","-2.7"
"295.9","934.6","41.2","-2.5"
"288.9","934.6","41.9","-2.3"
"292.4","934.6","44.6","-1.9"
"291","933.9","45.4","-2"
"285.1","935.1","44.4","-1.6"
"293.8","933.1","39.3","-0.9"
"301.9","933.6","36.6","-0.6"
"291.9","933.7","36","-0.6"
"291","932.6","35.7","-0.1"
"295.6","932.7","34.9","0.1"
"305.1","934","34.6","0.3"
"301.5","927.6","33.4","0.3"
"297.8","920.2","32.8","0.6"
"294.4","928.1","31.2","1.1"
"290.3","932.3","29.1","1.2"
"289.4","930.1","27.8","1.8"
"295.1","931.3","25.4","0.9"
"297.5","925.1","25.9","1.5"
"299.5","919.9","24.8","1.2"
"299.1","918.9","23","1.3"
"299.2","919.5","23.1","1.2"
"300.5","919.4","24.4","1.1"
"298.6","918.3","25.3","1"
"297.6","919.4","27","0.6"
"296","917.3","28.8","0.3"
"301.6","897.2","31.4","0"
"303.9","892.4","33.4","-0.5"
"308.5","890.8","34.2","-0.7"
"302.1","890.2","34.3","-0.7"
"306","889.7","35.4","-1.1"
"298.3","889.3","35.6","-1.1"
"291.2","889","35.5","-1"
"289.2","888.7","35.2","-1"
"280.8","888.4","35.3","-1"
"291.3","888.2","35.7","-1.1"
"280.8","888","37.1","-1.5"
"291.5","887.7","36.9","-1.4"
"283","887.6","38.6","-1.9"
"287.5","887.4","38.3","-1.9"
"278.1","887.1","40.7","-2.1"
"274.1","886.9","40.8","-2.1"
"272.7","886.7","40.6","-1.9"
"281.3","886.6","40.5","-1.9"
"266","886.5","41.3","-1.9"
"272.2","886.3","42.9","-2.2"
"282.5","886.2","43.1","-2.1"
"282.5","886","46.2","-2.8"
"277.4","885.8","46.8","-2.8"
"270.1","885.6","47.5","-2.7"
"283.7","885.5","47.4","-2.6"
"287.5","885.4","47.6","-2.3"
"290.7","885.3","48.1","-2.3"
"300.4","885.2","49.1","-2"
"298.3","885.1","49.9","-2.1"
"300.2","884.9","49.3","-1.7"
"304.3","884.9","51.1","-2"
"301.1","884.8","49.7","-1.6"
"293.7","884.7","50.8","-2"
"303.8","884.5","49.8","-1.9"
"300.6","884.5","49","-1.8"
"301.2","884.4","48.1","-1.7"
"302.1","884.3","47.9","-1.7"
"299.8","884.2","47.9","-1.7"
"298.9","884.1","46.4","-1.5"
"297.7","884","45.6","-1.4"
"291.4","883.9","46.1","-1.5"
"299.8","883.8","46.2","-1.6"
"295.8","883.7","45.7","-1.5"
"298.4","883.6","45.5","-1.5"
"303.9","883.4","44.1","-1.1"
"301.4","883.3","44.1","-1.1"
"304.5","883.3","45.9","-1.5"
"305.8","883.2","44.7","-1.2"
"318.4","883","43.9","-1"
"316.2","883","46","-1.3"
"312.6","882.9","43.8","-0.9"
"303.2","882.7","41.4","-0.3"
"294.1","882.7","41.5","-0.4"
"298.3","882.6","41","-0.4"
"306.7","882.6","40","-0.1"
"314.5","882.5","40.1","-0.2"
"314.3","882.5","39.3","-0.2"
"314.3","882.3","39.5","-0.3"
"320.3","882.3","39.8","-0.3"
"313.9","883.2","41.3","-0.6"
"319.4","884.8","41.7","-0.7"
"323.8","887.5","40.6","-0.6"
"322.3","890.8","38","0"
"327","893.9","39.8","-0.3"
"327.1","896.4","37.4","0.1"
"325.5","899.6","36.2","0.4"
"325.5","902.3","36","0.7"
"332.8","905","34.1","1.4"
"327.9","910","35.5","2.5"
"271.7","925.2","38.8","3.2"
"282.4","930","38.3","3.4"
"262.8","926.6","37","4.3"
"239.9","915.1","33.8","5.6"
"253.4","915","28.9","7.3"
"325.7","915.2","33.7","4.5"
"292.8","914.3","32.3","4.7"
"298.3","915.7","29.3","6.1"
"320.6","915","30.1","5.7"
"125.2","914.3","24.6","6.9"
"121","915","23.8","7.4"
"151.5","914.5","23.3","7.5"
"118.9","915.3","24.3","7"
"141.7","914.6","23.8","6.7"
"131.8","915.2","23.7","7"
"112.2","914.6","23.9","6.7"
"79.2","914.1","23.1","6.9"
"137.9","913.6","22.7","7.6"
"111.2","913.8","22.6","7.1"
"100.5","913.9","22.5","7.2"
"115.7","914.1","22.6","7.1"
"90.8","914.2","22.6","7.1"
"122.4","914.2","23.1","7.2"
"119.5","914.2","23.6","6.8"
"112.8","914.6","24","6.4"
"119.6","915.2","23.7","6.2"
"121.7","916","24.2","5.9"
"113.3","898.3","24.4","5.5"
"95.9","893.4","24.6","5.5"
"98.3","891.6","25","5.4"
"92.7","891","25.5","5.2"
"85.3","890.5","26","4.9"
"87.6","890.2","25.9","5.1"
"85.4","889.8","26.8","4.7"
"91.2","889.6","27.1","4.7"
"93.3","889.3","27.4","4.5"
"100.2","889.1","26.7","4.8"
"95.9","888.9","27","4.4"
"90.3","888.7","27.4","4.1"
"85","888.6","26.5","4.2"
"89.4","888.3","26.1","4.3"
"93.6","888.2","26.4","4.2"
"81.9","888","26.8","3.9"
"85.4","887.9","28.1","3.8"
"69.5","887.7","29.2","3.7"
"342.8","887.6","29","3.4"
"299.6","887.5","29.7","3"
"300","887.2","31.6","2.2"
"309.2","887.1","33.2","2.3"
"315.7","887","31.7","2.7"
"341.6","886.8","29.6","3.3"
"330.4","886.7","35.6","2.2"
"333.5","886.6","35.5","2"
"321.1","886.5","38.6","1.5"
"323.8","886.4","36.9","2.1"
"327","886.3","38.2","2.1"
"313.5","886.1","38.4","2"
"313.6","886","39.7","1.5"
"308.9","886","40.1","1.6"
"301.7","885.9","39.9","1.6"
"315.2","885.7","40.1","1.8"
"324.9","885.6","39.7","1.9"
"318.4","885.5","40.5","1.7"
"318.6","885.5","40.4","1.7"
"318.4","885.4","41.1","1.5"
"320.1","885.2","41","1.5"
"317.8","885.1","43","0.9"
"324.8","885","44.5","0.5"
"322.2","884.9","45.9","0.2"
"316.7","884.7","47.4","-0.2"
"308.5","884.6","46.5","-0.1"
"305.4","884.4","44.3","0.4"
"310.9","884.4","44.5","0.3"
"320.3","884.2","45.2","0.1"
"309","884.2","47.3","-0.4"
"284","884","45.9","-0.1"
"279.5","883.9","46.8","-0.4"
"295.6","883.8","48","-0.8"
"295.4","883.7","48.5","-0.9"
"302.2","883.6","48.4","-0.7"
"301.6","883.4","47.6","-0.2"
"300.7","883.3","47.7","-0.2"
"298.7","883.3","47.5","-0.2"
"292.4","883.3","47.9","-0.4"
"293.5","883.2","48.1","-0.2"
"289.9","883","47.7","-0.2"
"300.1","883.1","47.5","0.1"
"304","883.4","46.6","0.3"
"307.9","883.6","47.9","0"
"307.3","883.7","46.6","0.5"
"298.4","883.8","46","0.6"
"293.8","883.6","45.7","0.7"
"296.3","884.3","46.5","0.6"
"299.5","884.2","47","0.6"
"290.7","884","47.6","0.6"
"287.3","887.7","47.8","0.6"
"271.7","886.9","47.9","0.6"
"276.6","888.3","46.9","0.9"
"285.2","887.5","45.3","1.3"
"275","889.5","44","1.8"
"280.5","888.9","43.3","2"
"294","888.3","42.7","2.1"
"302","888.1","43.3","2"
"297.1","887.7","43.4","2"
"312.5","889.8","46.5","1.5"
"310.1","891.6","47.1","1.9"
"312.7","896.2","46.1","2.1"
"308.2","897.7","47.6","1.9"
"313.5","904.9","44.7","2.8"
"302.1","907.6","40.6","3.4"
"309.6","910","41.2","3.7"
"296.4","903.5","39.4","4.2"
"291.2","900.3","37.6","4.2"
"299","898.9","37.6","4"
"292.1","897.7","36.4","4"
"295.5","895.6","36.7","4"
"296.6","893.4","36.8","3.9"
"299.8","892.2","38.8","3.6"
"299.8","891.6","41.1","3.3"
"300.3","890.8","40.8","3.3"
"302.2","890.2","39.9","3.2"
"293","889.6","41.1","3"
"302.2","889","41.4","2.9"
"302.9","888.4","42.6","2.6"
"303.5","887.9","42.2","2.5"
"306.1","887.5","42.1","2.2"
"309.1","887.1","41.9","2.2"
"302.4","886.7","41.7","2.1"
"300.7","886.2","42.7","2"
"300.9","885.6","42.7","1.9"
"289.9","885.2","42.9","1.8"
"288.1","884.8","42.5","1.9"
"289.6","884.4","43.3","2"
"293.8","884.1","44.3","2.1"
"304.7","883.8","44.8","2.2"
"299.8","883.6","45","1.9"
"309","883.3","44.4","1.9"
"306.5","883.2","43.2","2"
"306.1","883.1","45.6","1.5"
"310.1","883","48.5","1"
"303.9","882.8","47.9","1"
"302","882.7","46.8","1.3"
"280.4","882.6","46.1","1.3"
"279.8","882.6","51.1","0.4"
"284.9","882.5","51.5","0.6"
"285.7","882.3","52.3","0.4"
"289","882.2","53.3","0.1"
"293.2","882.2","49.6","0.4"
"292.9","882.1","49.3","0.3"
"303.1","882","51.5","-0.3"
"299.3","881.9","54","-0.4"
"297.3","881.8","55","-0.6"
"291.5","881.7","55","-0.2"
"283.3","881.7","54.2","0.1"
"291.1","881.6","54.9","-0.2"
"273.8","881.5","58.5","-0.9"
"270.3","881.4","59.3","-1.2"
"274.6","881.3","58.4","-1.1"
"278.2","881.2","58","-1"
"291.7","881.1","55","-0.5"
"300.6","881.1","52.2","-0.2"
"297.4","881.1","53.6","-0.6"
"299.2","881.1","52.5","-0.4"
"293.7","881","50.7","0"
"292.9","881","50.8","0"
"300.9","880.9","51.2","-0.1"
"296.6","880.8","51.5","-0.3"
"299.8","880.8","54.2","-0.9"
"307.4","880.7","54.6","-1"
"305","880.7","55.9","-1.2"
"302.8","880.6","57","-1.5"
"296.1","880.4","56","-1.6"
"304.3","880.4","57.7","-2"
"303.9","880.3","58.5","-2.3"
"299.8","880.1","59.6","-2.6"
"296","880","60.1","-2.7"
"293","879.9","60.9","-2.9"
"271.6","879.7","64.8","-3.5"
"274.3","879.6","65.4","-3.5"
"278.3","879.5","65.7","-3.6"
"282.6","879.4","65.3","-3.7"
"284.9","879.2","63.9","-3.7"
"269.4","879.3","64","-3.8"
"255.6","879.8","63.9","-3.9"
"257","880.8","62.3","-3.7"
"274.6","883.1","60.9","-3.6"
"262.5","886.2","58.8","-3.2"
"263.6","889.9","55.2","-2.5"
"258.1","893.1","52.9","-1.8"
"272.6","896.2","52.8","-2"
"287.9","898.8","51.7","-1.9"
"295.1","900.8","51.2","-1.5"
"294","902.6","50.1","-1.3"
"287.7","904.8","48.9","-0.8"
"284.5","907.5","45.5","-0.5"
"286.9","911.2","43.1","-0.1"
"301.4","918.8","42","0.2"
"299.3","934.5","39.5","0.2"
"299.5","934","37.9","0.7"
"293.1","932.2","36.8","0.7"
"286.9","932.9","35.4","1.3"
"279.9","918.8","34.6","1.1"
"289.9","919.1","34.8","1.3"
"287.2","919.3","35.3","1"
"289.1","918.7","35.4","0.7"
"290.1","918.5","35.4","1"
"290.8","918","35.4","1.1"
"293.7","919.6","35.7","1.4"
"288.8","919.6","35.8","1.4"
"284","918.8","35.5","1.1"
"286.5","918.5","34.8","1.6"
"288.3","921.1","34.4","1.9"
"287.4","918.7","34.4","1.8"
"277","919.3","34.4","2.1"
"286","918.6","34.3","1.5"
"290.9","919.1","34.5","1.9"
"306.9","907","35.4","1.6"
"301.6","900.1","35.6","1.4"
"302.1","896.1","35.7","1.2"
"300.9","893.1","36.9","0.8"
"301.8","891.4","37.5","0.4"
"300.8","890.6","37.3","0.4"
"294.8","890.3","36.7","0.5"
"292.5","890","37.3","0.1"
"299.6","889.7","37.3","0"
"300","889.4","37.3","-0.1"
"309.8","889.1","36.7","0.1"
"309.1","888.9","36.7","0.1"
"313.5","888.7","36.4","0.3"
"77.6","888.5","51.6","-2.2"
"88.3","888.2","74.3","-3.4"
"78.3","887.8","79.5","-3.8"
"81.2","887.6","84.9","-4.1"
"87.1","887.2","87.7","-4.5"
"88.1","887","89","-4.7"
"99.6","886.7","89.4","-4.7"
"102.1","886.5","90.2","-5"
"98.1","886.3","91.7","-5.1"
"103.7","886.1","92.7","-5.2"
"100.7","885.9","93.9","-5.2"
"108.1","885.7","94.9","-5.4"
"103.3","885.6","95.4","-5.3"
"113.4","885.4","95.6","-5.3"
"111.8","885.3","95.7","-5.4"
"106","885","96.4","-5.5"
"113.9","884.9","96.9","-5.6"
"123.6","884.8","97.3","-5.7"
"129.1","884.6","98.2","-5.8"
"138.2","884.5","99.3","-6.1"
"130.1","884.5","99.3","-6"
"118.2","884.3","99.3","-6"
"120.8","884.2","99.4","-6"
"132","884","99.4","-6"
"141.2","884","99.3","-6"
"132.6","883.9","99.3","-6.1"
"134.1","883.7","99.3","-5.9"
"134.8","883.6","99","-5.8"
"126.6","883.5","99","-5.8"
"324.5","883.5","98.7","-5.9"
"319.5","883.3","99.3","-6"
"297.9","883.2","99","-5.7"
"292.5","883.1","99.2","-6.1"
"287","882.9","98.8","-5.8"
"293.8","882.8","95.3","-5.8"
"313.6","882.8","93.2","-5.8"
"307.4","882.7","87.2","-5.9"
"308.1","882.5","79.3","-5.8"
"306.9","882.4","71.7","-6"
"299.3","882.4","63.6","-6"
"293.7","882.2","55.1","-5.7"
"297.5","882.1","55","-6.1"
"298.2","881.9","57.7","-6.5"
"299.7","881.8","56","-6.7"
"302.5","881.6","53.6","-6.8"
"301.9","881.4","51.6","-6.8"
"299","881.3","49.8","-6.7"
"301.9","881.1","46.4","-6.3"
"303","880.9","45.5","-6.4"
"301","881.5","44.1","-6.4"
"302.9","883.2","43.6","-6.4"
"299","886.5","43","-6.5"
"295.7","891","42.6","-6.4"
"299.6","895.9","41.9","-6.3"
"298.3","900.3","42","-6.1"
"297.3","904.5","41.4","-6"
"297","908.5","41.5","-5.9"
"298.1","914.7","41","-5.9"
"305.5","935.1","40.5","-5.6"
"294.9","938.2","40.3","-5.5"
"286.2","936.1","39.6","-5.2"
"289.7","936.8","38.8","-5.1"
"284.6","935.8","36.6","-4.7"
"297","936.4","36.2","-4.8"
"285.6","935.1","36.4","-4.8"
"297.3","936.1","35.4","-4.3"
"284.1","935.7","34.8","-4.8"
"290.4","935.8","33.3","-4.5"
"287.4","935.5","31.5","-4.5"
"292.5","937.7","30","-3.8"
"292.8","936.8","28.8","-4"
"288.6","935.1","27.8","-3.8"
"296.8","934.9","26.2","-3.6"
"286.1","921.9","25","-3.5"
"295.4","928.7","24.2","-3.4"
"295.7","935.9","23.1","-3.2"
"301.5","929.6","23","-2.8"
"303.9","922.4","23.9","-2.7"
"296.1","924","24.8","-2.5"
"296.5","922.2","25.4","-2.6"
"302.4","920.3","25.9","-2.6"
"300.9","921.5","26","-2.7"
"286.8","922.2","27.7","-2.5"
"295.3","921.8","28.3","-2.8"
"293.4","922.5","28.9","-3.1"
"300.7","922.4","29.2","-3.1"
"296.9","901.4","30","-3.4"
"300.1","893.3","31","-3.7"
"299.9","890.5","32.2","-4.2"
"298.5","889.8","32.3","-4.2"
"298.1","889.3","32.9","-4.5"
"300.9","889","33.4","-4.7"
"302.8","888.6","33.6","-4.9"
"305.3","888.3","32.8","-4.9"
"308.7","888.1","31.8","-5"
"303.6","887.8","31.1","-5.1"
"304.3","887.6","29.2","-5"
"307.7","887.3","28.1","-5"
"308.3","887.1","27.9","-5"
"312.3","887","28","-5.2"
"321.1","886.7","27","-5"
"326.9","886.6","25.8","-4.9"
"323","886.4","25.2","-5.3"
"297.4","886.2","24.7","-5.4"
"255","886","28.3","-5.9"
"273.5","885.8","28.3","-5.7"
"261.1","885.7","29.3","-5.9"
"272.5","885.5","29.5","-5.7"
"282.6","885.3","30","-5.8"
"288.9","885.1","29.8","-5.8"
"279.2","885","28.4","-5.4"
"271.6","884.8","28.6","-5.6"
"260.5","884.7","29.4","-5.9"
"277.3","884.6","28.2","-5.6"
"293.2","884.3","27.7","-5.6"
"290.8","884.2","28.2","-5.7"
"285.7","884","29.5","-5.9"
"246.2","883.9","32.1","-6.8"
"267.2","883.6","29.4","-6.1"
"282.7","883.5","28","-6"
"293.5","883.4","30.2","-6.4"
"272.5","883.2","29.8","-6.5"
"292.9","882.9","30.3","-6.8"
"276.5","882.8","30.1","-6.8"
"283.5","882.6","30.3","-7"
"283.4","882.4","29.3","-6.9"
"284.5","882.3","28.8","-6.9"
"294.5","882.1","29","-7"
"282.6","881.8","28.7","-6.8"
"297.9","881.7","28.9","-6.7"
"301.7","881.4","29.3","-6.9"
"291.1","881.3","29","-6.8"
"298.6","881.1","27.8","-6.6"
"302.3","880.9","27.9","-6.7"
"305.7","880.7","27.8","-6.6"
"308","880.6","27.6","-6.5"
"306","880.4","27.5","-6.3"
"298","880.2","27.5","-6.4"
"306.1","880.2","27.5","-6.2"
"296.8","880.1","27.1","-6.1"
"289.6","879.9","26.9","-6.1"
"291.9","879.8","27.2","-6"
"306","879.7","26.6","-5.6"
"320.4","879.6","25.6","-4.9"
"318.5","879.7","26","-5.1"
"313.9","880.6","26","-4.7"
"313.2","882.7","26.2","-4.8"
"324.1","885.9","26.5","-4.4"
"326.8","890.9","25.7","-4"
"326.8","895.8","25.7","-3.8"
"85.1","899.2","24.1","-1.8"
"83.9","901.8","24.5","-1.9"
"88.6","905","24.9","-1.5"
"121.8","907.1","28.3","-2.2"
"111.5","909.2","28","-2"
"118.5","917.5","26.2","-2"
"137.7","912.1","24.3","-1.2"
"125.8","933.4","23.1","-0.2"
"143.3","933","22.7","-0.5"
"104.6","932.2","23","-0.4"
"111.2","932.7","24.1","-0.3"
"130.1","926.9","26.3","-0.4"
"104.9","914.1","28","-0.7"
"96","932.5","26.9","0"
"108.1","931.2","26.9","0"
"104.6","932.1","25.7","0.2"
"116.5","930.6","27.3","0.3"
"85.4","932.6","26","0.8"
"105.3","933","26.2","0.5"
"105.4","933.2","26.6","0.4"
"99.7","929.4","26.4","0"
"103","907.8","26.2","0.1"
"103.1","934.1","26.2","0.5"
"91.8","934.4","26.8","0.3"
"99.8","934.1","27","0.1"
"90.8","933.2","26.7","0.3"
"91.5","933.1","26.7","0.4"
"92.4","933.9","26.8","0.1"
"95.9","933.9","27.1","0"
"99.5","896.2","27.3","-0.3"
"97.1","894","27.4","-0.7"
"98.6","892.6","27.4","-1"
"92.9","891.7","27.9","-1.4"
"100.3","890.7","28.4","-1.7"
"100.2","889.9","29.5","-1.9"
"101.1","889.6","30.5","-2.3"
"94.7","889.2","30.2","-2.6"
"94.3","888.9","30.7","-3"
"97.5","888.6","31.5","-3.3"
"98.2","888.3","31.5","-3.4"
"99","888.1","31.6","-3.6"
"100.4","887.8","31.7","-3.8"
"96","887.6","33.2","-4.1"
"98.9","887.4","35.5","-4.4"
"97.5","887.1","37.7","-4.7"
"86.6","886.9","39.1","-4.8"
"87.1","886.7","39.6","-4.8"
"89","886.6","40.2","-4.8"
"89.6","886.4","40.6","-4.9"
"98.7","886.2","39.9","-4.9"
"93.9","886.1","39.6","-4.9"
"92.7","886","39.9","-4.8"
"91.6","885.8","41.3","-4.9"
"96.7","885.7","41.7","-4.8"
"104.2","885.6","41.8","-4.8"
"104.5","885.4","42.9","-4.9"
"93.1","885.3","43.3","-4.8"
"100","885.2","44.3","-4.9"
"103.8","885","44.8","-4.8"
"91.8","884.9","45.3","-4.9"
"91.3","884.9","44.8","-4.9"
"88.6","884.7","44.8","-4.9"
"91.6","884.6","44.8","-4.9"
"96.1","884.5","45.2","-5"
"100.5","884.4","45.4","-5"
"98.2","884.2","46","-5"
"103.4","884.1","46.2","-5"
"101.9","883.9","46.9","-5"
"99.2","883.9","47.4","-5"
"111.3","883.7","48.1","-5.1"
"123.6","883.5","48.7","-5.1"
"134.4","883.4","49.3","-5.2"
"125.6","883.3","49.5","-5.2"
"124.2","883.1","50.3","-5.4"
"117.9","882.9","51.5","-5.7"
"157","882.7","52.2","-5.7"
"122.8","882.5","51.9","-5.6"
"109.8","882.3","52.2","-5.6"
"119.6","882.1","53.4","-5.8"
"120.9","881.9","53.7","-5.7"
"112.7","881.7","54.8","-5.7"
"122.3","881.5","55.6","-5.6"
"96.3","881.2","55.8","-5.5"
"145.9","881","55.9","-5.5"
"261.8","880.8","56.1","-5.6"
"261.8","880.7","56","-5.5"
"141.4","880.5","56.3","-5.4"
"141.2","880.3","56.8","-5.4"
"141.9","880.1","56.3","-5.4"
"136.1","880.1","57","-5.4"
"143.6","879.9","57.8","-5.5"
"140.9","879.8","57.4","-5.5"
"154.7","879.8","56.9","-5.4"
"164.6","879.8","57.1","-5.4"
"176","879.8","57.7","-5.4"
"150.9","880.1","58.7","-5.4"
"143.8","880.3","58.8","-5.3"
"128.3","880.7","58.8","-5.2"
"132.8","881","58.3","-4.9"
"122.1","881.9","59.3","-5"
"112.4","882.1","60.6","-5.1"
"83.2","883.7","61.5","-4.9"
"117.2","885.5","62.6","-4.7"
"358.7","887.2","61.3","-4.4"
"217.4","888.6","60.9","-4.2"
"154.8","889.9","61.1","-4"
"133.3","891.9","62.9","-4.3"
"123.1","894.4","64.3","-4.2"
"134.3","896.6","63.7","-4.1"
"153.2","899.9","63","-3.7"
"114.9","900.6","62.5","-3.6"
"111.3","898.9","62.6","-3.5"
"96.1","899.8","60.4","-3"
"124.6","900.3","60.7","-3.1"
"161.2","897.9","58.8","-2.4"
"291.2","896.6","59.1","-2.4"
"249.1","899","56.9","-1.6"
"209","897.6","58.1","-1.6"
"253","897.8","58","-1.5"
"258","893.5","59.9","-2.2"
"306.4","895","62.1","-2.6"
"327.2","892.2","62","-2.6"
"282.3","890.9","61.8","-2.4"
"352.5","890.3","61.9","-2.3"
"307.3","889.9","62.2","-2.5"
"311.5","888.9","61.3","-2.3"
"313.3","888.1","61.9","-2.6"
"293.4","887.4","62.1","-2.6"
"304.4","886.6","62.4","-2.7"
"309.1","885.8","62.8","-2.8"
"309.1","885.1","63.3","-3"
"309.1","884.5","63.5","-3"
"307","883.8","63.8","-3.1"
"291.6","883.2","63.9","-3.1"
"292.1","882.6","64.2","-3.2"
"296.1","882.1","64.8","-3.3"
"292.6","881.7","64.6","-3.2"
"289.2","881.3","64.9","-3.3"
"294.1","881","65.7","-3.4"
"296.5","880.7","66.8","-3.7"
"295.9","880.4","67.4","-3.7"
"303.7","880.2","68.8","-3.9"
"302.1","880","69.8","-4"
"304.6","879.9","70.1","-3.9"
"301.1","879.8","71.4","-4"
"304.2","879.7","73.7","-3.9"
"285.6","879.6","74.2","-4.3"
"284.4","879.5","75.9","-4.2"
"288.8","879.5","77.1","-4.4"
"292.3","879.4","79.7","-4.9"
"288.1","879.2","79.4","-4.4"
"297.5","879.1","80.4","-4.5"
"288.3","879.1","80.2","-4.3"
"276.3","879","80.7","-4.5"
"272.2","879","82.1","-4.6"
"276.7","879","81.9","-4.5"
"283.9","878.9","81.9","-4.2"
"280.2","878.9","81.8","-4.2"
"292.9","878.8","82.4","-4.4"
"301.5","878.7","82.8","-4.4"
"306","878.7","83.3","-4.3"
"297.4","878.7","83.7","-4.3"
"299.2","878.6","84.2","-4.4"
"291.3","878.6","84.4","-4.4"
"291.3","878.5","84.8","-4.5"
"278.6","878.4","84.6","-4.3"
"271.1","878.4","85.4","-4.4"
"250.4","878.3","87.1","-4.2"
"232.1","878.3","87.9","-4.2"
"177.4","878.3","88.5","-4.3"
"159.6","878.1","86.5","-4.1"
"124.4","878.2","87.1","-4.4"
"139.8","878","86.4","-4.3"
"123.9","878","85.5","-4.2"
"108.6","878","83.3","-4"
"306","877.9","82.7","-4.3"
"341.3","877.9","82.2","-4.1"
"345","877.8","83.9","-4.3"
"338.1","877.8","87","-4.6"
"337.6","877.6","87.9","-4.4"
"341.1","877.7","89.8","-4.3"
"333.6","877.6","90","-4.8"
"331.7","877.5","87.4","-4.4"
"325.9","877.5","86.9","-4.3"
"328.8","877.4","85.3","-4.5"
"327.4","877.4","85.7","-4.1"
"348.3","877.3","86.1","-4.3"
"351.9","877.8","86.2","-3.8"
"74.2","878.5","86.1","-4"
"78.5","879.4","86.7","-4.2"
"107.9","880.8","87.9","-4.7"
"96.4","881.2","89.8","-4.7"
"105.9","884","88.6","-4.7"
"108","889","88.2","-4.6"
"105.6","891.8","88.4","-4.6"
"103.3","895.6","87.3","-4.2"
"106.9","896.8","86.3","-4.1"
"108.3","896.8","84.9","-3.7"
"110.1","896.2","81.8","-3.2"
"117.4","900.9","77.8","-2.5"
"106.1","899","77.7","-2.8"
"99.7","905.2","74.6","-2.1"
"99.5","900.1","73.5","-2.1"
"97.5","908.4","72.3","-1.8"
"111","902.6","71.2","-1.7"
"102.7","903.6","70.2","-1.6"
"104.7","918.4","69.2","-1.4"
"89.4","919.1","67.2","-1"
"87","926.3","66.6","-1.1"
"92.4","935.3","64.9","-0.5"
"100.3","926.4","63.8","-0.3"
"105.6","920.1","62.4","-0.1"
"99","920.4","62.2","0"
"94.4","920.2","62.6","0"
"91.8","910.7","61.6","0.2"
"98.2","906.8","61.1","0.1"
"85.8","901.2","61","0.1"
"83.9","896.5","60.4","-0.1"
"91.8","895.3","61.4","-0.3"
"106.3","894.1","60.8","-0.5"
"105.5","893.9","60.6","-0.8"
"95.3","894.7","60.5","-1"
"97.9","893.4","61.1","-1.2"
"90.8","892.4","61.4","-1.3"
"93.1","890.8","62.4","-1.7"
"90.3","890.1","61.6","-1.9"
"89.3","889.6","62.7","-2.1"
"97.3","889.3","63.6","-2.3"
"88.8","889","65.3","-2.6"
"92.9","888.7","67.5","-2.9"
"93","888.4","69.6","-3.1"
"95.3","888.2","72.4","-3.5"
"89.6","887.9","74.1","-3.6"
"91.3","887.7","75.9","-3.8"
"90.5","887.4","77.5","-4.1"
"87.7","887.2","78.7","-4.3"
"90.8","887","78.7","-4.3"
"92.7","886.7","78.8","-4.2"
"92.7","886.6","79.7","-4.5"
"89.8","886.4","80.3","-4.7"
"88.6","886.2","80.6","-4.7"
"85.9","886","80.5","-4.8"
"81.4","885.8","80.2","-4.9"
"77","885.6","81","-5"
"75","885.5","81.4","-5"
"76.5","885.3","80.8","-4.8"
"78.4","885.2","80.3","-4.7"
"71.7","885","80.9","-4.9"
"74.3","884.9","80.3","-4.7"
"78.3","884.8","80.4","-4.7"
"65","884.6","80.5","-4.7"
"64.1","884.5","80","-4.5"
"72.2","884.4","79.1","-4.4"
"73.7","884.3","79.3","-4.5"
"78.3","884.2","80.1","-4.6"
"55.5","884","80.2","-4.6"
"78","883.9","79.5","-4.6"
"54.7","883.8","80","-4.6"
"59.7","883.6","79.8","-4.5"
"56.9","883.5","79.6","-4.4"
"57.1","883.4","79.5","-4.3"
"54.1","883.4","79.7","-4.3"
"67.7","883.2","81.4","-4.3"
"81.6","883.1","83.2","-4.6"
"47.9","882.9","84.5","-4.6"
"55.7","882.8","84.8","-4.6"
"55.2","882.7","85.1","-4.6"
"55.2","882.5","85.4","-4.7"
"55.2","882.4","85.5","-4.6"
"55.2","882.3","86.6","-4.7"
"3.4","882.1","90.3","-4.9"
"3.3","882","92.8","-5"
"2.8","881.8","96","-5.3"
"2.5","881.6","98.5","-5.4"
"306.5","881.5","99.4","-5.6"
"297","881.2","99.4","-5.6"
"294.4","881.1","99.4","-5.6"
"294.1","880.9","99.4","-5.5"
"297.3","880.6","99.4","-5.6"
"286.3","880.4","99.4","-5.4"
"296.1","880.3","99.4","-5.4"
"285.2","880.1","99.4","-5.3"
"303.7","879.8","99.4","-5.8"
"301.8","879.5","99.4","-6"
"291.3","879.3","97.5","-6.2"
"296.8","879.2","91.8","-6.1"
"305.4","879.1","83.8","-5.8"
"323.3","879.1","72.6","-5.6"
"310.3","879.3","61.3","-5.6"
"303.7","879.1","62.9","-5.5"
"306.3","879","58.2","-5.8"
"306.8","879","53.3","-6"
"305.6","878.9","52.5","-6.1"
"294.9","879","51.9","-6.3"
"296.4","879","51.2","-6.6"
"298.3","878.9","48.4","-6.4"
"300.6","878.7","47.1","-6.4"
"300.3","878.5","44.3","-6.4"
"300.3","878.8","40.4","-6.5"
"304.1","878.8","38.8","-6.5"
"302.7","878.8","38.1","-6.6"
"298.7","878.5","38.4","-6.4"
"308.8","879.1","33.5","-6.6"
"302.7","879.1","32.6","-6.7"
"298.7","879.1","32.2","-6.9"
"295.6","878.9","32.5","-7.1"
"299.3","878.4","32.9","-7.5"
"302","878.7","32.1","-7.7"
"304.1","878.8","30.9","-7.9"
"303.5","879.1","30.3","-7.8"
"296.6","878.7","29.4","-7.8"
"298.1","878.7","28.2","-8"
"299.8","878.9","27.9","-7.9"
"294.7","879.8","27.4","-7.8"
"294","881.4","26.8","-7.7"
"298.1","883.7","26","-7.6"
"296.9","884.1","25.5","-7.7"
"308","881.5","25.4","-7.7"
"301.9","878.5","25.6","-7.8"
"303.3","877","25.7","-8"
"304.1","876.6","26.2","-8.1"
"298.9","876.3","26.2","-8.1"
"295.8","876.1","27.1","-8.2"
"293","876.1","27","-8.3"
"298.3","876","27.3","-8.3"
"296.8","876","28.2","-8.4"
"300.3","875.8","28.6","-8.5"
"299.6","875.8","28.4","-8.8"
"299.5","875.7","28.5","-8.9"
"305","875.6","29.2","-9.1"
"300.4","875.5","29.7","-9.3"
"301.1","875.4","30.2","-9.4"
"308.3","875.3","30.7","-9.7"
"306.9","875.3","31.3","-9.8"
"302.3","875.1","30.9","-9.7"
"307.4","875","31.1","-9.8"
"313.8","874.9","31.8","-10"
"306.9","874.7","32.4","-10.2"
"310.8","874.7","32.2","-10.1"
"279.7","874.6","33.5","-10.5"
"257.3","874.5","35.4","-10.9"
"264.9","874.3","35.2","-10.8"
"248.3","874.2","34.9","-10.8"
"278.6","874.3","34.7","-10.5"
"279.2","874.1","35.3","-10.7"
"269.6","874.1","35","-10.7"
"276.1","874","34.9","-10.6"
"287.2","874","34.5","-10.5"
"311.7","874","33.4","-10.3"
"307.7","873.9","33.9","-10.5"
"297.4","873.8","34.6","-10.6"
"297.9","873.8","35.5","-10.9"
"294.9","873.7","35.2","-10.8"
"266.8","873.7","37.2","-11.3"
"263.7","873.6","38.9","-11.6"
"284.9","873.5","40.4","-11.8"
"300.5","873.4","39.9","-11.8"
"305.8","873.3","39.9","-11.8"
"307.7","873.3","40.2","-11.7"
"305.6","873.3","40.5","-11.9"
"298.5","873.1","40.2","-11.9"
"299","873.1","40.4","-11.8"
"306.1","873","40.1","-11.9"
"300.2","872.9","39.5","-12"
"305.5","872.9","40.5","-12.2"
"304","872.8","40.7","-12.1"
"296.5","872.7","41.9","-12.1"
"300.3","872.7","43.5","-12.3"
"308.5","872.6","44.5","-12.5"
"308.5","872.5","45.3","-12.5"
"305.5","872.4","44.6","-12.4"
"303.7","872.4","44.1","-12.4"
"299.5","872.3","44.2","-12.4"
"296.7","872.3","44.8","-12.5"
"301.4","872.2","45.5","-12.7"
"298","872.2","46.5","-13"
"307.2","872","46.6","-13"
"295","871.9","48","-13.2"
"299.3","871.9","47.5","-13"
"296.9","872.7","46.8","-12.7"
"302.9","874.8","45.8","-12.6"
"302","878.6","45.2","-12.4"
"297.5","884.2","44.1","-12.2"
"297","890.6","43.3","-12"
"296.9","894.6","41.7","-11.9"
"303.7","898.6","41.3","-11.6"
"293.9","901.5","39.9","-11.3"
"298.6","903.7","39.3","-11.4"
"299.9","904.3","39.3","-11.2"
"294.1","908.1","39.8","-11.1"
"294.7","911.7","39.6","-10.7"
"298.8","919.4","39.1","-10"
"300.7","929.3","37.7","-9.8"
"294.4","934.8","36.4","-9.7"
"295.1","940.9","33.1","-9.6"
"298.7","940.3","34.5","-9.6"
"293.3","940.8","31.6","-9.4"
"305","941.5","31.9","-9.3"
"298.1","940","31.4","-9"
"290","937.4","31.4","-8.8"
"297.4","938.8","33.3","-9.1"
"294.2","940","36.5","-9"
"296.7","934.6","38.9","-9.6"
"298.2","895.3","40.3","-9.6"
"300.7","893.7","42","-9.7"
"294.7","895.1","41.3","-9.4"
"294.5","909","39.8","-9.3"
"298.7","902","39","-9.3"
"299","893.2","37.4","-9.1"
"295.1","940.8","30.2","-8.6"
"293.9","906.3","28.5","-8.5"
"299.2","920.5","26.1","-8.4"
"296.4","906","25.6","-8.1"
"296.2","939.9","24.8","-8"
"297.3","940.5","23.8","-8.1"
"298.9","906.1","24.2","-8.1"
"300.7","896.3","23.7","-8.3"
"304.1","891.2","23.7","-8.6"
"296.9","889","23.6","-8.8"
"307.4","888.3","22.6","-8.8"
"305","887.9","22.3","-9"
"309.5","887.6","22.4","-9.3"
"304.7","887.2","22.6","-9.5"
"300.3","886.9","23.2","-9.7"
"304.9","886.6","23.2","-9.8"
"303.2","886.4","23.9","-10"
"298.5","886.1","24.4","-10.2"
"302.3","885.8","24.2","-10.2"
"309.4","885.6","24","-10.3"
"308.1","885.4","24.1","-10.5"
"306.7","885.2","23.9","-10.6"
"297","885","23.5","-10.6"
"301.5","884.7","23.7","-10.8"
"296.9","884.6","22.9","-11"
"299.2","884.4","22.2","-11.1"
"305","884.2","22.2","-11.2"
"307.1","884","22.2","-11.4"
"303.7","883.7","22.3","-11.6"
"303.7","883.6","22","-11.7"
"301.3","883.5","23","-12"
"306.5","883.3","23.1","-12.2"
"298.1","883.1","24.6","-12.5"
"299.4","882.9","25.1","-12.7"
"299.2","882.6","26.3","-13"
"299.6","882.4","26.9","-13.2"
"295","882.1","28.2","-13.4"
"301.9","881.9","28.9","-13.6"
"300.4","881.6","29.5","-13.7"
"301.5","881.5","29.5","-13.9"
"303.2","881.2","29.3","-14"
"300.6","881.1","30","-14.2"
"301.3","880.8","29.9","-14.3"
"304.2","880.6","28.8","-14.4"
"302.9","880.4","29","-14.4"
"300.2","880.3","29.2","-14.6"
"305.1","880.1","28.9","-14.7"
"300.7","879.9","28.5","-14.7"
"301.5","879.7","28","-14.8"
"307.5","879.5","27.5","-14.9"
"296","879.3","28.2","-15"
"304.4","879.3","28.2","-15.1"
"298.9","879","28.5","-15.2"
"293.8","878.9","29.2","-15.3"
"303.8","878.8","29.7","-15.4"
"297.1","878.6","30.3","-15.5"
"292.7","878.5","30.6","-15.6"
"303.5","878.3","30.7","-15.6"
"296.5","878.2","30.6","-15.6"
"299.5","878","31.3","-15.7"
"300.2","877.9","31.7","-15.8"
"298.1","877.8","32.2","-15.8"
"299.7","877.7","32","-15.8"
"294.8","877.6","32.6","-15.9"
"292.2","877.2","33.1","-16"
"293.5","877.6","34.8","-16"
"294.9","879","35.2","-15.9"
"297.6","881.9","35.3","-15.9"
"297.2","886.6","36.7","-15.9"
"295.4","892","35.9","-15.8"
"289.2","897.3","36.7","-15.6"
"288.9","901.5","37.3","-15.5"
"293.6","912","37.5","-15.4"
"295.8","944.9","37","-15.1"
"293.3","945.5","35.5","-14.9"
"297.8","944.9","35.2","-14.7"
"295.6","944.2","34","-14.4"
"294.9","943","35.4","-14.1"
"295.2","942.1","35.7","-13.8"
"294.4","943.3","34.1","-13.5"
"295.9","943.8","33.8","-13.3"
"297.5","942.8","33.6","-13"
"296.5","943.7","33.8","-12.7"
"293.6","939.9","30.7","-12.5"
"303.6","941.9","29.5","-11.9"
"291.7","942.6","31.3","-12.2"
"291.2","939.2","31.5","-11.8"
"288.4","941.8","31.2","-11.6"
"295.4","940.5","31.1","-11.7"
"287.4","940.9","30.7","-11.2"
"293","938.8","30.2","-11.1"
"294.1","942.7","29.4","-10.5"
"298.1","939.9","29.6","-10.5"
"295.4","939.2","29.8","-10.5"
"298.8","941.6","28.6","-10.1"
"299.8","941.8","28.1","-9.9"
"297.5","941.3","28.5","-9.9"
"295.6","941.4","28.3","-9.4"
"297.9","940.6","28.3","-9.7"
"296.2","942","28.4","-9.4"
"295.9","940.2","28.1","-9.5"
"290.1","940.8","28.5","-9.4"
"296.7","940.3","29.3","-9.5"
"291.7","922.1","30","-9.7"
"291.8","897.1","30.3","-9.9"
"293.9","890.5","30.8","-10.2"
"289.9","888.8","31.2","-10.3"
"294.1","888.3","31.1","-10.3"
"294","887.9","30.6","-10.2"
"295.4","887.5","30.7","-10.3"
"293.1","887.1","30.5","-10.3"
"290.6","886.8","30.8","-10.3"
"295.4","886.6","32.3","-10.6"
"294.8","886.3","32.4","-10.6"
"296.9","886.1","32.6","-10.6"
"302.1","885.9","32","-10.4"
"298.4","885.7","32.1","-10.4"
"293","885.5","32.3","-10.4"
"293","885.3","33.4","-10.6"
"294.8","885.2","33.1","-10.4"
"295.7","885","33.2","-10.4"
"296.1","884.8","33.9","-10.5"
"296","884.6","34.7","-10.7"
"298.6","884.5","34.8","-10.7"
"294","884.3","34.9","-10.7"
"293.2","884.2","35.2","-10.7"
"289.7","884.1","35","-10.6"
"291.7","883.9","35","-10.6"
"292.9","883.7","34.8","-10.6"
"295.4","883.5","34.6","-10.5"
"291.7","883.5","34.6","-10.5"
"294.9","883.3","34.4","-10.4"
"293.2","883.2","34.9","-10.5"
"291.3","883","34.9","-10.5"
"291.5","882.9","35","-10.6"
"290.6","882.6","35.1","-10.7"
"294.4","882.6","35.2","-10.7"
"296","882.3","35.5","-10.7"
"293.1","882.3","35.5","-10.7"
"294.2","882.1","35.6","-10.7"
"295.2","882","36.1","-10.8"
"290.5","881.9","35.6","-10.6"
"299.4","881.7","36.2","-10.7"
"295.4","881.6","36.6","-10.7"
"292.3","881.5","37.1","-10.8"
"290.9","881.3","38.6","-11.2"
"290.6","881.2","38.7","-11.1"
"292.5","881","38.6","-11.1"
"290.7","880.9","37.8","-10.9"
"291.6","880.7","37.4","-10.9"
"287.6","880.6","37","-10.8"
"291.1","880.5","37","-10.8"
"290.9","880.3","37.8","-10.9"
"289.3","880.1","37.4","-10.9"
"289.9","880","37.9","-11"
"292.6","879.8","38.1","-11"
"287.5","879.8","37.2","-10.8"
"289.4","879.5","37.1","-10.8"
"289.9","879.5","37.5","-11"
"295.5","879.3","38.4","-11.1"
"290.9","879.1","38.6","-11.1"
"294.5","879.4","37.9","-10.8"
"294.5","880.8","39.2","-11"
"290","883.3","40.5","-11.2"
"293.6","887","41.3","-11.3"
"292","891.4","39.2","-10.7"
"292.7","895.6","39.8","-10.8"
"288.3","898.6","38.5","-10.5"
"298.4","904","36.1","-9.9"
"298.1","913.9","35.5","-9.7"
"291.7","941.7","34.7","-9.4"
"293.1","941.5","33.9","-9"
"287.1","940.4","32.8","-8.6"
"292.6","939.7","32.5","-8.7"
"282.9","939.8","31.6","-8.3"
"284.6","938.5","31.5","-8.1"
"288.1","938","31.4","-7.8"
"296.1","938.1","31.1","-7.4"
"290","938.4","30.3","-6.7"
"284.3","938.4","29.6","-6.9"
"287.6","939.1","28.6","-6.4"
"292.1","936.1","28.3","-6.2"
"288.4","936.6","27.8","-6.1"
"289.2","935.9","26.8","-5.7"
"289","935.6","25.9","-5.1"
"285.1","934.6","26.7","-5.4"
"282","936.8","27.4","-5.5"
"288.6","936.8","27.2","-5"
"289.9","935.8","26.1","-4.5"
"295.2","936.3","25.6","-4.7"
"295","936.5","26","-4.8"
"296.1","935.5","26.2","-4.3"
"284.2","936.6","26.4","-4.7"
"296.6","936.4","26.4","-4.3"
"296.7","935.7","26.7","-4.1"
"287.9","937.3","27.2","-4.5"
"285.1","935.6","27.1","-4.1"
"292.2","937.3","26.3","-4.3"
"295","937.1","26.8","-4.8"
"294.8","915.5","27.1","-4.9"
"298.7","896.9","27.6","-5.2"
"291.5","891.7","28.1","-5.5"
"299.9","890.1","28.7","-5.9"
"300.3","889.6","29.2","-6"
"297.9","889.1","29.5","-6"
"301","888.7","29.2","-6.1"
"297.7","888.4","28.7","-6.1"
"303.4","888.1","28.7","-6.3"
"303.1","887.8","28.4","-6.3"
"299","887.6","29","-6.7"
"302.1","887.3","28.3","-6.6"
"299.8","887.1","28.5","-6.6"
"299.7","886.9","28.6","-6.7"
"299.9","886.8","28.2","-6.6"
"300.5","886.5","28.3","-6.8"
"299.1","886.3","28.5","-6.9"
"300.2","886.2","28.5","-6.9"
"297","886","29.1","-7.1"
"298.2","885.7","30.5","-7.4"
"298.6","885.6","30.5","-7.2"
"295.5","885.4","31.2","-7.1"
"298","885.3","32.4","-7.2"
"294.2","885.1","32.5","-6.9"
"294.3","885","33.8","-6.8"
"301","884.9","32.5","-6.6"
"296.9","884.7","32.8","-6.7"
"300.8","884.6","32.8","-7"
"301.8","884.5","33.8","-7.3"
"299","884.3","33.8","-7"
"296.9","884.2","34.9","-7.3"
"292.9","884","34.9","-7.1"
"297.4","883.9","35.1","-7"
"294","883.8","36.3","-7.4"
"294.9","883.7","35.9","-7.1"
"294.7","883.5","36.2","-7.1"
"294.8","883.5","37.2","-7.3"
"293.8","883.2","37.7","-7.3"
"298.2","883.1","37.5","-7.4"
"296.1","882.9","38.3","-7.6"
"296.2","882.8","38.7","-7.7"
"296.9","882.7","38.8","-7.8"
"296.5","882.5","38","-7.5"
"298.7","882.4","38.1","-7.6"
"296.7","882.3","37.9","-7.5"
"293.5","882.1","38.7","-7.8"
"293.1","882","38.2","-7.5"
"295.2","881.9","38.7","-7.7"
"289.3","881.7","39.5","-8"
"285.9","881.6","40.6","-8.2"
"292.6","881.4","41","-8.1"
"295.7","881.3","40.6","-8"
"293.4","881.2","39.8","-7.7"
"298.4","881","40.5","-8"
"293.8","880.9","41.8","-8.2"
"288","880.8","43.6","-8.8"
"293.8","880.6","42.9","-8.3"
"287.8","880.3","43.2","-8.4"
"290.7","880.4","44.3","-8.8"
"292.2","881.3","43.8","-8.4"
"293.8","883.2","43.4","-8.3"
"295.6","886.2","42","-8"
"290","890.3","43.1","-8.2"
"290.5","894.3","41.2","-7.3"
"294.4","897.5","38.9","-6.6"
"286.7","900.9","36.8","-6"
"283.4","905.7","36.4","-5.5"
"288.4","913","33.8","-5.2"
"297.5","936.5","32.9","-4.8"
"292.5","937.9","32.2","-4.5"
"293","936.3","31.4","-4.1"
"294","937","30.6","-3.9"
"296.6","936.4","27.6","-3.2"
"286.9","935.7","27.2","-3.1"
"280.1","933.8","26.6","-2.9"
"286.9","935.3","26.9","-2.8"
"277.3","934.5","26.3","-2.7"
"295.3","934.8","25.3","-2.2"
"298.3","933.4","25.9","-2.2"
"281.8","934.3","25.4","-1.4"
"290.1","932.2","24.2","-1.3"
"276.5","934.1","24.1","-1"
"291.9","932.6","23.9","-1.2"
"294.8","935","23.1","-0.8"
"277.3","929.3","22.7","-0.6"
"296.3","921.7","22.4","0.1"
"294.1","919","22.3","-0.1"
"282.5","919.2","22.1","0.4"
"282.5","918.8","22.4","0.4"
"270.3","918.7","22.2","1.1"
"270.1","918.2","22.2","1.1"
"283","918.7","22.3","0.7"
"273.8","919.7","22.1","0.8"
"280.6","919.4","22.1","0.4"
"280.6","919.7","22.1","0.5"
"291.1","934.4","22.1","0.4"
"297.5","902.2","22.3","0.1"
"289.6","894.3","23.1","-0.4"
"285.1","892.4","23.5","-0.6"
"284","891","24.3","-1"
"280.5","890.5","24.4","-0.9"
"281.3","890.1","24.5","-0.8"
"296.4","889.7","25","-1"
"302.1","889.3","24.6","-0.8"
"337.2","889","21","-0.4"
"341.2","888.8","17.5","-0.1"
"345.5","888.6","17.2","-0.1"
"345.8","888.5","16.7","0.2"
"3.3","888.2","15.8","0.3"
"359.9","888.1","15.9","0.1"
"67.9","887.9","16.8","0.1"
"63.9","887.7","17.2","-0.1"
"84.7","887.7","18","-0.3"
"83.9","887.4","24.7","-2.6"
"89.1","887.3","24.4","-2"
"84.7","887","25.3","-2.2"
"81.1","886.9","25.3","-2.3"
"86","886.7","25.9","-2.3"
"76.2","886.6","26.7","-2.6"
"75.8","886.3","27","-2.6"
"77.7","886.2","27.2","-2.6"
"77","886","27","-2.6"
"76.6","885.9","27.4","-2.7"
"73.3","885.8","27.5","-3"
"78.7","885.6","29.5","-2.9"
"70.4","885.5","30.1","-2.9"
"74.8","885.3","30.8","-2.8"
"72.9","885.2","29.5","-3"
"67.2","885","29.3","-3.1"
"70.4","884.9","29.5","-3"
"75.9","884.8","29.3","-3"
"81.9","884.6","29.5","-3.1"
"85.3","884.5","30.3","-3.3"
"93.1","884.4","30.7","-3.5"
"93.7","884.3","30.8","-3.6"
"92.3","884.1","31.3","-3.8"
"96.9","883.9","31.4","-3.8"
"98.2","883.8","31.5","-3.9"
"99.8","883.6","31.6","-4"
"101","883.4","33","-4.6"
"103.2","883.3","33.4","-4.7"
"100.6","883.2","32.7","-4.9"
"99.1","883","32.5","-5"
"104.4","882.8","32.5","-5"
"98.7","882.7","32.3","-5.1"
"100.2","882.6","31.6","-4.9"
"97.5","882.4","31.8","-5"
"89.3","882.3","32.8","-5.3"
"82.9","882.1","32.7","-5.2"
"84.9","882","33","-5.3"
"91.2","881.8","33.2","-5.3"
"99","881.8","32.8","-5.5"
"107.3","881.6","33.5","-5.7"
"113.4","881.4","33.4","-5.6"
"107.6","881.4","33.9","-5.7"
"108.1","881.6","33.8","-5.7"
"103.3","882.4","34","-5.6"
"100.1","884.1","33.8","-5.5"
"98.8","886.5","33.3","-5.2"
"101.1","889.9","32.7","-5"
"100","893.4","32.2","-4.8"
"97.9","896.6","31.7","-4.6"
"99.3","900.3","31.4","-4.3"
"88.3","903.5","30.6","-4.1"
"103.2","906.6","30.6","-3.9"
"96.7","911.8","30.4","-3.1"
"87.3","916.6","29.9","-2.8"
"89.3","921.4","32.2","-2.9"
"99.9","935.7","32.6","-2.3"
"93.3","921.3","31.2","-2"
"91.9","906","30.1","-1.8"
"114.9","927.7","30.2","-1.4"
"113.7","908","31.1","-1.1"
"101.4","900.6","31.6","-1.3"
"111.9","901.7","31.5","-0.9"
"110.7","898.2","31.1","-0.9"
"113.1","897.4","31.4","-0.9"
"108.6","900.6","31.3","-0.4"
"98.5","903.9","31.8","-0.3"
"117.4","898","32.4","-0.4"
"103.9","898.3","32.4","-0.1"
"104.8","899.5","32.6","-0.2"
"115.7","903.9","32.5","-0.1"
"101","898.4","33","0"
"106.9","919.4","33.2","0.2"
"105.3","916.1","33.1","0.3"
"99.8","910.3","32.7","0.2"
"109.6","901.1","33.5","0.1"
"105.9","892.7","34.2","-0.2"
"96.5","891.3","35.7","0"
"100.3","890.5","36.9","-0.2"
"104.5","889.9","38","-0.3"
"104.4","889.4","38.5","-0.4"
"103.6","888.9","38.9","-0.6"
"100.5","888.7","39.3","-0.7"
"100.6","888.5","39.4","-0.9"
"99.3","888.2","40.4","-1"
"96.4","888","41.4","-1.1"
"97.6","887.8","42.3","-1.1"
"80.7","887.6","43","-1.3"
"99.4","887.4","43.2","-1.2"
"100","887.1","43.7","-1.3"
"101.2","887","43.9","-1.2"
"99.5","886.7","44","-1.2"
"94.3","886.6","43.8","-1.2"
"95.8","886.4","44.4","-1.4"
"82.5","886.2","44.3","-1.5"
"80.7","886","42.8","-1.3"
"69.4","885.8","42.6","-1.2"
"73.5","885.5","42.2","-1.1"
"81.9","885.4","42.7","-1.2"
"76","885.2","42.7","-1.2"
"80.9","884.9","42.6","-1.2"
"80.7","884.8","42.8","-1.2"
"88.6","884.5","43.1","-1.2"
"97.2","884.4","43.4","-1.2"
"93.6","884.1","43.7","-1.3"
"83.7","883.9","44","-1.2"
"76.8","883.7","44.6","-1.2"
"70.5","883.5","44.7","-1.1"
"97.1","883.3","45.7","-1"
"91.5","883.2","45.4","-1"
"78","883","45.4","-1.1"
"74.1","882.9","45.5","-1"
"80.8","882.8","45.8","-1"
"83.3","882.6","46","-0.9"
"68.8","882.5","46.5","-1.1"
"68.3","882.5","46.8","-1.1"
"68.4","882.3","47.9","-1.1"
"68.4","882.2","48.8","-1"
"68.5","882.2","48.4","-0.9"
"68.2","882.2","49.2","-1"
"68.2","882.1","49.6","-1.1"
"68.4","881.9","49.2","-0.9"
"72.9","881.8","49.2","-1.2"
"74.5","881.7","50.2","-1.1"
"74.4","881.7","51.7","-2.1"
"74.4","881.5","54.9","-2.9"
"74.4","881.4","51.6","-2"
"73.9","881.2","52","-1.8"
"328.8","881.2","50.1","-1.6"
"327","881.1","49.6","-1.9"
"333","881.1","49.4","-1.7"
"321.8","881.1","50.8","-2.1"
"329.8","881","52.2","-2.6"
"323.2","881","53.1","-2.7"
"315.9","880.8","54.4","-3"
"314.5","880.8","53.6","-2.6"
"304.3","880.7","54.5","-2.8"
"309.2","880.6","54.4","-2.5"
"285","880.6","55.8","-3"
"275.6","880.6","55.3","-3.3"
"261.1","881","55","-3.5"
"279.5","881.7","54.9","-3.7"
"298.8","883.9","53.9","-3.5"
"299.7","886.4","49.5","-2.8"
"297.4","889.4","46.7","-2.5"
"270.5","892.2","49.5","-2.5"
"272.3","895.1","48","-2"
"277.3","897.5","45.8","-1.4"
"281.4","899.9","44.4","-0.9"
"287.9","902.2","43.5","-0.5"
"306.8","904.3","42.6","-0.3"
"312.3","906.8","41.4","0.3"
"298.8","913.4","41.2","0.6"
"309.2","933.2","40.8","0.8"
"306.4","932.6","40.4","1.1"
"292.1","931.9","39.5","1.6"
"283.1","930.4","38.1","2.5"
"292.9","930.6","38.1","2.7"
"295.6","931","37.9","3"
"314.8","928.1","37.3","3.3"
"10.2","930.2","37","3.3"
"303.8","916.2","37.2","3.4"
"45.2","916.5","35.6","4.6"
"296.2","916.5","35.8","4.3"
"133.1","915.5","37.3","4.3"
"118.7","916.4","38.3","3.9"
"119","917.2","38.9","4.1"
"120.2","917.6","39.5","3.8"
"109.8","915.6","40","3.9"
"98.4","906.7","40","4.2"
"116.3","899.5","40.4","4"
"129.3","897.4","40.8","3.9"
"109.4","895.8","41","3.8"
"104.3","894.2","42.2","3.5"
"101.8","893.1","42.9","3.2"
"99.3","892","43.3","3"
"103.1","891.2","44.3","2.7"
"105.1","890.5","45","2.4"
"103.8","889.8","45.6","2.1"
"112.1","889.6","46.3","1.8"
"110.8","889.3","46.9","1.6"
"109.3","889.1","47.9","1.3"
"106","888.8","48.4","0.9"
"101.5","888.7","49.4","0.5"
"97.1","888.5","49.8","0.3"
"96.2","888.2","48.3","0.5"
"95.8","888.1","48.8","0.1"
"92.2","887.8","48.6","0"
"94.2","887.7","48.1","0"
"89.2","887.4","48.2","-0.1"
"92.5","887.3","48.6","-0.2"
"93.5","887.1","48.3","-0.2"
"94.4","887","48.4","-0.4"
"97.4","886.8","48.5","-0.5"
"96.1","886.6","48","-0.5"
"87.4","886.5","47.7","-0.5"
"91.3","886.3","47.4","-0.7"
"98.8","886.2","46.3","-0.7"
"100","886","46.1","-0.7"
"99.2","885.9","46","-0.9"
"94.3","885.8","45.7","-1.1"
"93.2","885.6","45.5","-1.2"
"94","885.5","45.7","-1.5"
"88.3","885.3","45.7","-1.6"
"77.4","885.1","45.8","-1.7"
"81.2","884.9","45.5","-1.7"
"81.1","884.8","45.8","-1.9"
"79.9","884.6","45.7","-2"
"79.6","884.4","45.4","-2"
"90.9","884.3","45.6","-2.1"
"95.6","884.1","46.1","-2.2"
"88","884","46.7","-2.3"
"83.5","883.8","47.5","-2.5"
"76.4","883.6","47","-2.4"
"72.8","883.4","47.3","-2.4"
"75.3","883.3","46.9","-2.4"
"79.1","883.2","47.8","-2.7"
"93.3","883","48","-2.9"
"85.5","882.7","48.7","-3.2"
"95.6","882.6","47.8","-3"
"97.1","882.4","47.6","-3"
"88.6","882.2","46.7","-3"
"87.3","882.1","47","-3.2"
"92.4","881.9","47.8","-3.5"
"92.5","881.7","48","-3.6"
"87.5","881.6","48.1","-3.8"
"83.4","881.4","47.9","-3.6"
"87.3","881.2","48","-3.7"
"88.8","881.1","48.6","-4"
"97.5","881","49.4","-4.2"
"88.9","880.8","50","-4.5"
"84","880.7","50.7","-4.7"
"92.9","880.6","51.7","-4.8"
"96.9","880.4","51.3","-4.7"
"90.2","880.3","51.6","-4.7"
"86.5","880.4","51.7","-4.7"
"85.2","880.6","52.8","-4.9"
"81.9","881.2","51.9","-4.8"
"85.7","882.2","51.4","-4.7"
"83.1","883.6","50.8","-4.6"
"81.5","885.5","51.1","-4.6"
"81.3","888","50.9","-4.2"
"82.5","891.3","50.7","-3.9"
"84.7","894.7","50.4","-3.3"
"82.8","897.2","49.3","-2.6"
"92.6","899.9","48.7","-2.2"
"92.4","902","49.9","-1.9"
"88.9","904.5","48.6","-1.5"
"97.2","907.5","49.6","-1.3"
"90","915.1","49.2","-0.8"
"85","925.2","48.9","-0.5"
"97.2","935","49.6","-0.6"
"97.5","934.6","50.2","-0.5"
"96.4","934","50.3","-0.1"
"93.6","933.9","50.5","-0.1"
"88.7","933.5","47.8","0.1"
"95","934.2","47.9","0.3"
"81.2","933.1","46.9","0.6"
"72.8","933.7","46.2","0.3"
"82.5","932.8","44.9","0.9"
"80.8","933.4","44.2","1"
"81.3","933.9","43.2","1"
"75.4","900.4","43.4","0.9"
"89.6","897.4","43.4","0.9"
"82.6","895.6","43.1","0.8"
"102.4","895.5","42.6","0.8"
"98.1","893.8","42.6","0.8"
"84.5","892.5","42.8","0.6"
"86.2","891.6","42.8","0.5"
"89.2","891","42.9","0.3"
"93.7","890.4","42.9","0.1"
"84.2","889.8","43.5","-0.1"
"91.8","889.3","44.7","-0.4"
"94.5","889","45.3","-0.6"
"97.4","888.7","46","-0.9"
"101.9","888.5","46.8","-1"
"100.8","888.2","47.7","-1.3"
"103.1","888","46.7","-1.5"
"101.4","887.7","48","-1.7"
"93.9","887.6","49.6","-2"
"96.7","887.3","51.6","-2.1"
"93.7","887","53","-2.3"
"101.5","886.8","54.2","-2.4"
"102.5","886.6","56","-2.5"
"103.9","886.4","60.4","-2.7"
"99.2","886.1","66.5","-3.2"
"98.4","885.9","69.9","-3.5"
"105.2","885.6","73.8","-3.9"
"96.2","885.4","76.9","-4.1"
"99.1","885.1","79.5","-4.4"
"90.2","884.8","82.3","-4.6"
"94.4","884.5","84","-4.8"
"98.7","884.4","86.3","-4.9"
"97.1","884.1","88.1","-5.1"
"101.9","883.9","90.3","-5.3"
"100.4","883.5","91.9","-5.5"
"93.2","883.4","93.3","-5.6"
"102.8","883","95.4","-5.9"
"101.1","882.7","96.8","-5.9"
"104.8","882.4","98.1","-6"
"102.7","882.2","99.3","-6.1"
"96.1","881.9","99.3","-6.2"
"98.4","881.7","99.3","-6.3"
"102.8","881.4","99.3","-6.5"
"99.7","881.2","99.3","-6.6"
"94.8","880.9","99.3","-6.6"
"92.5","880.7","99.3","-6.6"
"95.8","880.5","99.3","-6.6"
"93.4","880.3","99.3","-6.5"
"93.9","880.2","99.3","-6.6"
"93.2","880.1","99.3","-6.6"
"100.5","879.9","99.3","-6.6"
"103.4","879.9","99.3","-6.7"
"97.5","879.8","99.3","-6.7"
"99.9","879.6","99.3","-6.7"
"99.1","879.6","99.3","-6.7"
"99.6","879.5","99.3","-6.8"
"97.7","879.4","99.3","-6.8"
"96","879.4","99.3","-6.9"
"92.4","879.2","99.3","-6.9"
"88.5","879.2","99.3","-6.8"
"93","879.2","99.3","-6.9"
"93.1","879.1","99.3","-6.8"
"93.2","879.1","99.3","-6.9"
"94.5","879.1","99.3","-6.9"
"95.3","879.1","99.3","-6.8"
"92.3","879","99.3","-6.9"
"88","879","99.3","-6.9"
"93.6","878.8","99.3","-7"
"88.4","878.8","99.3","-6.9"
"86.6","878.8","99.3","-6.9"
"91.7","878.6","99.3","-6.9"
"96.3","878.6","99.3","-6.9"
"91.5","878.5","99.3","-6.9"
"94.4","878.6","99.3","-6.8"
"93.3","878.6","99.3","-6.9"
"86.9","878.4","99.3","-7"
"94.2","878.4","99.3","-7.1"
"97.4","878.4","99.3","-7.2"
"98.9","878.5","99.3","-7.2"
"105.2","878.6","99.3","-7.3"
"94","878.5","99.3","-7.3"
"100.7","878.4","99.3","-7.2"
"94.3","878.3","99.3","-7.2"
"86.9","878.2","99.3","-7.2"
